#,NAME,TYPE,POSTED,"PAGE VIEWS","PRODUCT PREVIEWS","WISH LISTED",DOWNLOADED,SOLD,"ADDITIONAL LICENSES",CONVERSION,EARNINGS,RATING,VOTES,"CUSTOM CATEGORY"
1,"Counting In Christmas","Digital Download",12/12/13,323,0,1,56,-,0,-,$0.00,5.0,1,
2,"Math gifts for Christmas","Digital Download",12/19/13,1053,43,1,-,1,0,0.10%,$1.36,0.0,0,⇒Math
3,"Math Activities In Winter","Digital Download",12/26/13,1372,76,0,-,3,0,0.22%,$4.30,5.0,1,⇒Math
4,"Shape and Symmetry Worksheets","Digital Download",12/29/13,1318,6,1,-,8,0,0.61%,$7.25,0.0,0,⇒Math
5,"Multiplication Table for Winter","Digital Download",01/01/14,2933,0,21,328,-,0,-,$0.00,5.0,5,"⇒Season :Winter"
6,"Numbers 1-20 Worksheets Reading Writing Tracing Counting Number To 20 Activities","Digital Download",01/12/14,7521,1524,98,-,137,0,1.82%,$412.24,4.7,14,⇒Math
7,"Free Valentine's Day Math Worksheets","Digital Download",01/25/14,71919,0,490,32098,-,0,-,$0.00,4.8,70,⇒Math
8,"Numbers 21-40 :  Reading and Writing Numbers To 40 Worksheets","Digital Download",01/26/14,5733,912,77,-,198,0,3.45%,$554.05,4.9,44,⇒Math
9,"Numbers 41-60 :  Reading and Writing Numbers To 60 Worksheets","Digital Download",02/05/14,2446,364,23,-,48,0,1.96%,$149.65,5.0,7,⇒Math
10,"Numbers 61-80 :  Reading and Writing Numbers To 80 Worksheets","Digital Download",02/15/14,2318,188,14,-,25,0,1.08%,$74.73,5.0,6,⇒Math
11,"Numbers 81-100 :  Reading and Writing Numbers To 100 Worksheets","Digital Download",02/15/14,2185,216,26,-,31,0,1.42%,$94.76,5.0,8,⇒Math
12,"St. Patrick's Day Writing Prompts","Digital Download",03/01/14,1835,0,7,-,13,0,0.71%,$22.01,5.0,3,⇒Literacy
13,"Reading Writing Tracing Numbers To 100 Worksheets - Number 1-100 Activities",Bundle,03/02/14,7384,186,193,-,273,1,3.70%,"$3,862.88",4.9,40,"***Bundles & Save $"
14,"Double Digit Addition With Regrouping Without Regrouping Two Digit Worksheets","Digital Download",03/26/14,5745,680,90,-,239,0,4.16%,$734.19,4.9,23,⇒Math
15,"Earth Day Writing Prompts - Earth Day Writing Paper","Digital Download",03/26/14,2319,46,20,-,34,0,1.47%,$66.75,4.9,8,"⇒Season :Earth Day"
16,"Double Digit Addition Task Cards: QR CODE Task Cards","Digital Download",03/27/14,2965,0,59,-,126,0,4.25%,$322.27,4.9,30,⇒Math
17,"Butterflies and Flowers Free Clip Art","Digital Download",03/29/14,2431,0,35,640,-,0,-,$0.00,5.0,12,"⇒ Clip Art : Spring"
18,"Free Easter Math Worksheets","Digital Download",03/31/14,24456,0,107,9404,-,0,-,$0.00,5.0,23,"⇒Season :Spring"
19,"Easter Writing Prompts","Digital Download",04/03/14,2492,0,28,-,55,0,2.21%,$96.27,5.0,9,"⇒Season :Spring"
20,"Double Digit Subtraction Task Cards: QR Code Math Task Cards","Digital Download",04/04/14,3145,0,74,-,121,0,3.85%,$316.56,4.9,26,⇒Math
21,"Addition and Subtraction Task Cards : QR Code Math Task Cards FREE","Digital Download",04/08/14,15591,0,277,6673,-,0,-,$0.00,5.0,36,"⇒Task Cards"
22,"Addition and Subtraction Task Cards  -  QR Code Math Activities  ",Bundle,04/08/14,2328,0,41,-,47,0,2.02%,$427.07,4.8,13,⇒Math
23,"Three digit Subtraction with regrouping : QR Code Task Cards","Digital Download",04/08/14,2807,0,77,-,163,0,5.81%,$391.81,5.0,47,"⇒Task Cards"
24,"Three Digit Addition Task Cards With  and Without Regrouping  :  QR Code Math ","Digital Download",04/08/14,3278,0,96,-,194,0,5.92%,$481.47,5.0,48,⇒Math
25,"Butterfly Life Cycle Writing , Posters,And Cards","Digital Download",04/15/14,1793,136,12,-,22,0,1.23%,$40.47,5.0,4,
26,"Double Digit Subtraction With Regrouping Without Regrouping Two Digit Worksheets","Digital Download",04/18/14,6050,521,69,-,185,0,3.06%,$522.82,5.0,26,⇒Math
27,"3 Digit Addition With Regrouping and Without Regrouping Worksheets","Digital Download",04/26/14,10998,1640,202,-,659,0,5.99%,"$1,570.86",5.0,129,⇒Math
28,"Kids Clip Art","Digital Download",04/30/14,1465,0,11,-,6,0,0.41%,$29.30,5.0,3,"⇒ Teacher's Clip Art"
29,"Mother's Day Writing Paper and Prompts","Digital Download",05/03/14,1747,0,15,-,51,0,2.92%,$95.59,4.9,7,⇒Literacy
30,"Dancer Monsters Clip Art","Digital Download",05/12/14,622,0,1,-,1,0,0.16%,$1.70,5.0,1,"⇒ Teacher's Clip Art"
31,"Free Monster Clip Art","Digital Download",05/12/14,4792,0,94,1838,-,0,-,$0.00,5.0,19,"⇒ Teacher's Clip Art"
32,"Furry Monster Clip Art","Digital Download",05/12/14,989,0,14,-,7,0,0.71%,$11.91,5.0,2,"⇒ Teacher's Clip Art"
33,"1st Grade Math Review Worksheets 1st to 2nd Grade Back To School Packet","Digital Download",05/18/14,5977,757,128,-,294,0,4.92%,$675.83,4.8,62,⇒Math
34,"{Freebie} Argyle Digital Papers","Digital Download",05/29/14,2622,0,15,554,-,0,-,$0.00,5.0,13,
35,"{Freebie} Polka Dots Digital Papers","Digital Download",05/29/14,2556,0,8,523,-,0,-,$0.00,5.0,14,
36,"{Freebie} Hearts Digital Papers","Digital Download",05/29/14,2007,0,10,410,-,0,-,$0.00,5.0,7,
37,"{Freebie} Day And Night Digital Papers","Digital Download",06/02/14,1506,0,10,296,-,0,-,$0.00,5.0,5,
38,"End of the Year Activities - End of Year Memory Book 1st Grade","Digital Download",06/02/14,3588,365,63,-,23,0,0.64%,$76.03,5.0,6,"⇒Season :End Of Year"
39,"Flowers Digital Papers","Digital Download",06/04/14,780,0,1,-,0,0,0.00%,$0.00,0.0,0,
40,"Colorful Digital Papers","Digital Download",06/08/14,479,0,1,-,0,0,0.00%,$0.00,0.0,0,
41,"Editable Classroom Jobs With Pictures - Classroom Jobs Chart - Classroom Decor","Digital Download",06/15/14,3567,293,37,-,29,0,0.81%,$117.00,5.0,8,
42,"Printable Back To School Bulletin Board Borders ","Digital Download",06/18/14,3062,145,40,-,83,0,2.71%,$124.95,4.9,8,
43,"Chevron Calendar-Chevron Classroom Decor","Digital Download",06/18/14,1465,174,13,-,11,0,0.75%,$32.46,5.0,1,
44,"Chevron Alphabet Banner-Chevron Classroom Decor","Digital Download",06/18/14,1076,13,14,-,5,0,0.47%,$14.53,5.0,1,
45,"Printable Alphabet Letters For Word Wall   |   Numbers 1-20 Posters","Digital Download",06/18/14,1693,62,8,-,11,0,0.65%,$43.15,5.0,3,
46,"Chevron Classroom Theme Decor Bundle",Bundle,06/18/14,3085,101,29,-,2,0,0.07%,$22.53,5.0,1,"***Bundles & Save $"
47,"4Th of July Theme :Digital Papers and Borders","Digital Download",06/25/14,747,0,0,-,1,0,0.13%,$1.55,0.0,0,
48,"Polka Dot Classroom Banner","Digital Download",06/28/14,1374,21,14,-,8,0,0.58%,$22.80,5.0,3,
49,"Printable Bulletin Board Border |  Back To School Bulletin Board","Digital Download",06/30/14,3051,105,13,-,21,0,0.69%,$30.72,5.0,1,
50,"Printable Alphabet Letters For Word Wall   |   Numbers 1-20 Posters","Digital Download",06/30/14,1142,86,9,-,6,0,0.53%,$24.00,0.0,0,
51,"Polka Dot Calendar","Digital Download",07/01/14,1058,14,6,-,1,0,0.10%,$2.97,0.0,0,
52,"Editable Classroom Jobs With Pictures - Classroom Jobs Chart  - Classroom Decor","Digital Download",07/02/14,3387,325,37,-,49,0,1.45%,$194.45,5.0,4,
53,"Polka Dot Classroom Theme Decor Bundle",Bundle,07/03/14,1541,69,12,-,3,0,0.20%,$37.19,0.0,0,"***Bundles & Save $"
54,"My Teacher Clip Art Free","Digital Download",07/27/14,1544,0,33,427,-,0,-,$0.00,5.0,7,"⇒ Teacher's Clip Art"
55,"Pencils Clip Art","Digital Download",07/27/14,1963,0,28,601,-,0,-,$0.00,5.0,7,"⇒ Teacher's Clip Art"
56,"Music Kids Clip art","Digital Download",07/31/14,1044,0,15,-,8,0,0.77%,$41.65,5.0,1,"⇒ Teacher's Clip Art"
57,"Alphabet Writing Practice Letter Tracing Sheets Alphabet Review ","Digital Download",07/31/14,3658,315,62,-,90,0,2.46%,$351.17,4.6,5,⇒Literacy
58,"All About Me Pennant Banners Kindergarten Printable ","Digital Download",08/09/14,1745,0,22,-,53,0,3.04%,$61.18,4.8,4,
59,"All About Me Pennant Banners Kindergarten Printable ","Digital Download",08/09/14,1833,0,35,-,72,0,3.93%,$78.94,5.0,6,
60,"Teacher Toolbox Labels Editable -Chalkboard and Chevron Labels","Digital Download",08/11/14,3813,460,125,-,119,0,3.12%,$416.23,4.8,23,"Editable Labels"
61,"Halloween Clip Art","Digital Download",08/11/14,987,0,11,-,11,0,1.11%,$35.31,5.0,5,"⇒ Teacher's Clip Art"
62,"Polka Dots:Digital Papers","Digital Download",08/12/14,44,0,1,-,0,0,0.00%,$0.00,0.0,0,
63,"{Freebie} Halloween Pack","Digital Download",08/18/14,2695,0,11,773,-,0,-,$0.00,5.0,8,
64,"Editable Labels | Teacher Toolbox Labels | Rainbow Bright Classroom Decor","Digital Download",08/19/14,1060,0,11,-,18,0,1.70%,$45.45,5.0,4,"Editable Labels"
65,"Editable Labels | Teacher Toolbox Labels | Rainbow Bright Classroom Decor","Digital Download",08/19/14,1172,114,27,-,15,0,1.28%,$41.49,4.9,3,"Editable Labels"
66,"Police Clip Art","Digital Download",09/01/14,896,0,4,-,7,0,0.78%,$20.57,5.0,3,"⇒ Teacher's Clip Art"
67,"Autumn Clip Art - Fall Clip Art","Digital Download",09/06/14,830,24,2,-,9,0,1.08%,$20.29,5.0,4,"⇒Season :Fall/Autumn"
68,"Thanksgiving Clip Art","Digital Download",09/06/14,1197,0,7,-,13,0,1.09%,$36.37,5.0,5,"⇒ Teacher's Clip Art"
69,"Fall Math Word Problems Worksheets Addition and Subtraction Within 20","Digital Download",09/10/14,3453,306,122,-,355,0,10.28%,$928.81,4.9,40,"⇒Season :Fall/Autumn"
70,"1st Grade Math Review Worksheets  Back To School  -  First Week Of School","Digital Download",10/05/14,10472,1030,292,-,390,2,3.72%,"$1,580.20",5.0,58,⇒Math
71,"Numbers 21-40 + Assessment - Numbers To 40 Worksheets","Digital Download",10/20/14,6859,687,265,-,372,0,5.42%,"$1,083.64",4.9,48,⇒Math
72,"Numbers 1-20 Assessments Write Trace Numbers To 20 Free Worksheet","Digital Download",10/24/14,20833,1697,774,-,"1,333",8,6.40%,"$3,174.60",4.8,207,⇒Math
73,"Christmas Clip Art","Digital Download",11/05/14,957,25,9,-,10,0,1.05%,$17.69,5.0,5,"⇒ Teacher's Clip Art"
74,"Doctors Clip Art","Digital Download",11/05/14,855,0,5,-,5,0,0.59%,$21.00,5.0,2,"⇒ Teacher's Clip Art"
75,"Equivalent Fractions Review Worksheets On a Number line Comparing 3rd Grade","Digital Download",11/09/14,18627,3242,485,-,"1,890",8,10.15%,"$5,920.97",4.8,220,⇒Math
76,"Fractions Game For 3rd Grade  I have Who Has","Digital Download",11/12/14,979,0,25,-,49,0,5.01%,$105.46,5.0,8,⇒Math
77,"Double Digit Addition Game ; I have! Who Has?","Digital Download",11/12/14,1448,0,28,-,75,0,5.18%,$215.42,5.0,11,⇒Math
78,"Three Digit Subtraction With and Without Regrouping Worksheets","Digital Download",11/15/14,5742,839,93,-,398,0,6.93%,"$1,167.44",4.9,77,⇒Math
79,"Three digit Subtraction Activities","Digital Download",11/17/14,942,0,15,-,27,0,2.87%,$76.39,5.0,4,"⇒Task Cards"
80,"Free Christmas Words Fun ,I have Who Has?","Digital Download",11/25/14,898,0,16,258,-,0,-,$0.00,0.0,0,⇒Literacy
81,"Christmas Word Work Activities","Digital Download",11/25/14,327,3,7,-,4,0,1.22%,$9.75,0.0,0,⇒Literacy
82,"Farm Clip Art","Digital Download",11/30/14,1016,27,7,-,7,0,0.69%,$24.75,5.0,4,"⇒ Clip Art : Jobs"
83,"1st Grade Winter Math and Literacy Packet  |  January Worksheets","Digital Download",12/17/14,2712,210,31,-,65,1,2.40%,$365.33,4.9,12,⇒Math
84,"St. Patrick's Day Clip Art","Digital Download",12/18/14,759,0,0,-,1,0,0.13%,$2.80,5.0,1,"⇒Season :St. Patrick's Day"
85,"Valentine's Day Clip Art","Digital Download",12/18/14,835,8,2,-,0,0,0.00%,$0.00,0.0,0,"⇒ Clip Art : Valentine's Day"
86,"Free Valentine's Day Clip Art","Digital Download",12/18/14,1934,0,46,590,-,0,-,$0.00,5.0,12,"⇒ Clip Art : Valentine's Day"
87,"Christmas Writing Prompts Papers for Literacy Centers","Digital Download",12/20/14,1334,0,7,-,22,0,1.65%,$40.01,5.0,6,⇒Literacy
88,"Christmas Math Worksheets First Grade  -  No Prep December Math Activities","Digital Download",12/22/14,4257,531,58,-,198,0,4.65%,$524.80,4.9,27,"⇒Season :Christmas"
89,"February Math and Literacy Centers Valentines Day Activities 1st Grade ","Digital Download",01/01/15,3478,235,24,-,76,0,2.19%,$229.93,4.9,8,⇒Literacy
90,"St Patricks Day Math Worksheets March Math Activities","Digital Download",01/06/15,2614,131,17,-,71,0,2.72%,$148.20,5.0,18,"⇒Season :St. Patrick's Day"
91,"100th Day Of School Coloring Pages  February Math and Literacy Activities ","Digital Download",01/13/15,2191,230,33,-,53,0,2.42%,$126.27,4.9,8,⇒Math
92,"Place Value Game  |  Hundreds Tens ones Task Cards 2nd Grade  3 Digit","Digital Download",01/17/15,2479,201,65,-,112,0,4.52%,$362.08,5.0,23,"⇒Task Cards"
93,"Editable Classroom Jobs With Pictures - Classroom Jobs Chart  - Classroom Decor","Digital Download",01/22/15,3279,339,60,-,64,0,1.95%,$202.68,4.9,10,
94,"Winter Clip Art","Digital Download",01/25/15,714,0,2,-,0,0,0.00%,$0.00,0.0,0,"⇒ Teacher's Clip Art"
95,"Free Ice Cream Clip Art","Digital Download",01/25/15,12547,0,102,3987,-,0,-,$0.00,4.9,37,"⇒ Clip Art : Summer"
96,"Winter Math Word Problems Worksheets Addition and Subtraction Within 20","Digital Download",01/31/15,4027,228,160,-,514,0,12.76%,"$1,086.79",4.9,99,"⇒Season :Winter"
97,"February Writing Prompts - Valentine's Day Writing Papers - February Activities","Digital Download",02/07/15,1135,53,5,-,12,0,1.06%,$27.77,5.0,2,"⇒Season :Valentine's Day"
98,"Earth Day Kids Clip Art","Digital Download",02/23/15,570,0,2,-,1,0,0.18%,$3.40,5.0,1,"⇒ Teacher's Clip Art"
99,"Easter Clip Art","Digital Download",02/24/15,631,0,2,-,1,0,0.16%,$3.06,0.0,0,"⇒ Teacher's Clip Art"
100,"St. Patrick's Day Math Worksheets And Literacy Centers ","Digital Download",02/24/15,1944,131,25,-,51,0,2.62%,$160.52,4.9,9,⇒Literacy
101,"Easter Activities 1st Grade : Math and Literacy Easter Worksheets","Digital Download",03/14/15,1891,479,51,-,191,0,10.10%,$606.05,4.9,17,⇒Literacy
102,"Word Work Activities - Word Families Worksheets First Grade","Digital Download",03/16/15,2072,0,90,-,197,0,9.51%,$498.09,4.9,41,⇒Literacy
103,"Identifying Fractions Task Cards 3rd Grade Math Review ","Digital Download",03/22/15,587,0,40,-,78,0,13.29%,$225.13,4.9,23,⇒Math
104,"Word Families Worksheets Easter Word Work Activities Jelly Bean","Digital Download",04/22/15,953,0,37,-,62,0,6.51%,$162.82,5.0,14,⇒Literacy
105,"Contractions Activities Task Cards:QR Code","Digital Download",04/22/15,383,0,33,-,29,0,7.57%,$86.15,5.0,11,⇒Literacy
106,"Free Summer Clip Art","Digital Download",05/17/15,9159,0,268,7297,-,0,-,$0.00,5.0,73,"⇒ Teacher's Clip Art"
107,"1st Grade Math Assessments  | 2nd Grade Beginning Of The Year Math Assessment","Digital Download",05/18/15,3707,939,192,-,344,3,9.28%,$978.43,4.9,73,⇒Math
108,"Classroom Awards Certificates Editable Class Superlatives End Of The Year Awards","Digital Download",05/24/15,3702,450,53,-,107,0,2.89%,$402.54,4.7,16,"⇒Season :End Of Year"
109,"Free End Of The Year Math Fun","Digital Download",05/29/15,28015,0,195,11515,-,0,-,$0.00,4.8,21,⇒Math
110,"Editable Teacher Binder{Chevron}","Digital Download",06/03/15,342,86,3,-,2,0,0.59%,$9.77,4.5,2,"⇒ Teacher Planners"
111,"Free Chevron Alphabet Clipart","Digital Download",06/06/15,1465,0,9,833,-,0,-,$0.00,5.0,11,
112,"Editable Teacher Planner 2022 - 2023 | Printable Monthly Calendar 2022-2023","Digital Download",06/14/15,1554,317,26,-,21,0,1.35%,$98.04,5.0,5,"⇒ Teacher Planners"
113,"Teacher Planner Editable Stars","Digital Download",06/18/15,139,31,1,-,3,0,2.16%,$10.48,5.0,1,"⇒ Teacher Planners"
114,"Editable Teacher Planner 2022 - 2023 |  Printable Monthly Calendar 2022-23","Digital Download",06/18/15,5305,1483,145,-,134,0,2.53%,$578.98,4.9,16,"⇒ Teacher Planners"
115,"Teacher Planner Editable Rainbow","Digital Download",06/18/15,382,88,16,-,3,0,0.79%,$11.70,5.0,1,"⇒ Teacher Planners"
116,"Teacher Toolbox Labels Editable Classroom Supply Tags Bright Classroom Decor","Digital Download",06/23/15,1607,0,49,-,73,0,4.54%,$109.29,5.0,10,"Editable Labels"
117,"Editable Labels-Superhero Labels","Digital Download",06/23/15,371,0,19,-,31,0,8.36%,$47.95,5.0,6,"Editable Labels"
118,"Editable Labels-Chalkboard and Stars Labels","Digital Download",06/23/15,4106,0,76,-,116,3,2.83%,$180.25,5.0,6,"Editable Labels"
119,"Teacher Toolbox Labels Editable Classroom Supply Tags Bright Classroom Decor","Digital Download",06/23/15,8599,0,309,-,414,1,4.82%,$635.64,4.7,61,"Editable Labels"
120,"Editable Labels-Bright and Chalkboard Chevron Labels","Digital Download",06/23/15,721,0,36,-,50,0,6.94%,$77.43,5.0,9,"Editable Labels"
121,"Editable Labels-Glitter Chevron Labels","Digital Download",06/23/15,91,0,4,-,7,0,7.69%,$11.01,5.0,1,"Editable Labels"
122,"Teacher Planner Editable Black and White Stars","Digital Download",06/25/15,304,61,13,-,6,0,1.97%,$21.94,5.0,2,"⇒ Teacher Planners"
123,"Editable Circle  Labels-Star Round Labels","Digital Download",06/25/15,456,0,25,-,69,0,15.13%,$104.56,5.0,12,"Editable Labels"
124,"Editable Back To School  Gift Tags - Name Tags  -  First Week Of School Labels","Digital Download",06/25/15,3802,0,65,-,221,1,5.81%,$437.00,4.9,40,"Editable Labels"
125,"Teacher Planner Editable Navy","Digital Download",07/01/15,124,26,1,-,1,0,0.81%,$5.10,5.0,1,"⇒ Teacher Planners"
126,"Teacher Planner Editable Music","Digital Download",07/01/15,142,39,1,-,1,0,0.70%,$4.00,0.0,0,"⇒ Teacher Planners"
127,"Editable Classroom Labels | NEON Classroom Decor Chalkboard","Digital Download",07/09/15,2782,0,63,-,126,7,4.53%,$314.43,4.9,17,"Editable Labels"
128,"Teacher Planner Editable Floral","Digital Download",07/11/15,140,45,2,-,1,0,0.71%,$3.82,0.0,0,"⇒ Teacher Planners"
129,"Teacher Planner Editable Floral","Digital Download",07/12/15,375,121,12,-,8,0,2.13%,$28.42,5.0,2,"⇒ Teacher Planners"
130,"Editable Labels - Editable Back To School Gift Tags For Students","Digital Download",07/20/15,2949,0,94,-,188,0,6.38%,$284.67,5.0,35,"Editable Labels"
131,"Teacher Toolbox Labels Editable Classroom Supply Labels Bright Classroom Decor","Digital Download",07/20/15,1527,0,46,-,68,0,4.45%,$103.10,5.0,12,"Editable Labels"
132,"Editable Labels - Dinosaur and Polka dots","Digital Download",07/20/15,548,0,10,-,13,0,2.37%,$22.74,5.0,3,"Editable Labels"
133,"Editable Labels-Monster and Chevron Labels","Digital Download",07/20/15,272,0,10,-,17,0,6.25%,$19.18,5.0,3,"Editable Labels"
134,"Teacher Toolbox Labels Editable Classroom Supply Tags Bright Classroom Decor","Digital Download",07/20/15,146,0,12,-,12,0,8.22%,$13.40,4.5,2,"Editable Labels"
135,"Editable Labels-Bright Diagonal  Labels","Digital Download",07/20/15,70,0,7,-,2,0,2.86%,$4.14,0.0,0,"Editable Labels"
136,"Editable Labels - Bright Polka Dots","Digital Download",07/20/15,2181,0,32,-,68,0,3.12%,$133.89,5.0,8,"Editable Labels"
137,"Editable Labels-Torn Paper  Labels","Digital Download",07/20/15,69,0,1,-,4,0,5.80%,$8.15,5.0,1,"Editable Labels"
138,"Editable Labels-Chalkboard and Fish Scale Labels","Digital Download",07/23/15,705,0,14,-,25,0,3.55%,$37.07,5.0,2,"Editable Labels"
139,"Teacher Toolbox Labels Editable Classroom Supply Labels Black and White Decor","Digital Download",07/23/15,227,0,16,-,15,0,6.61%,$22.93,5.0,4,"Editable Labels"
140,"Teacher Toolbox Labels Editable Classroom Supply Labels Chalkboard","Digital Download",07/23/15,517,0,15,-,11,0,2.13%,$16.61,5.0,3,"Editable Labels"
141,"Teacher Toolbox Labels Editable Classroom Supply Labels Black and White Decor","Digital Download",07/24/15,1012,0,47,-,43,0,4.25%,$65.07,5.0,6,"Editable Labels"
142,"Teacher Toolbox Labels Editable Classroom Supply Tags Black and White Decor","Digital Download",07/24/15,123,0,8,-,2,0,1.63%,$3.25,0.0,0,"Editable Labels"
143,"Teacher Toolbox Labels Editable Classroom Supply Labels Black and White Decor","Digital Download",07/24/15,4347,0,63,-,159,0,3.66%,$238.14,5.0,14,"Editable Labels"
144,"Student Desk Name Plates Chalkboard Desk Name Tags EDITABLE  First Day Of School","Digital Download",07/25/15,1149,0,24,-,76,0,6.61%,$161.44,5.0,16,"Editable Labels"
145,"Student Desk Name Plates  |   Desk Name Tags EDITABLE  First Day Of School","Digital Download",07/25/15,759,0,15,-,8,0,1.05%,$19.35,0.0,0,"Editable Labels"
146,"Student Desk Name Plates  |   Desk Name Tags EDITABLE  First Day Of School","Digital Download",07/25/15,898,0,18,-,62,0,6.90%,$148.62,4.9,9,"Editable Labels"
147,"Student Desk Name Plates  |   Desk Name Tags EDITABLE  First Day Of School","Digital Download",07/25/15,1139,0,14,-,19,0,1.67%,$55.44,0.0,0,"Editable Labels"
148,"Printable Bulletin Board Borders  |  Back To School Bulletin Board","Digital Download",07/28/15,2817,177,17,-,45,0,1.60%,$106.70,4.7,7,
149,"Teacher Planner Editable Dinosaur","Digital Download",07/28/15,177,56,8,-,7,0,3.96%,$37.68,0.0,0,"⇒ Teacher Planners"
150,"Teacher Toolbox Labels Editable Classroom Supply Tags Bright Classroom Decor","Digital Download",07/28/15,441,0,21,-,29,0,6.58%,$43.33,5.0,4,"Editable Labels"
151,"Fruits and Vegetables Clip Art ","Digital Download",08/01/15,839,0,20,-,24,0,2.86%,$64.41,4.8,8,"⇒ Clip Art : Fruits"
152,"Halloween Gift Tags  -  Editable Labels  October  Name Tags","Digital Download",08/02/15,505,0,11,-,36,0,7.13%,$52.76,4.9,7,"⇒Season :Halloween"
153,"St Patricks Day Gift Tags Editable  Labels Printable","Digital Download",08/02/15,550,0,7,-,65,0,11.82%,$153.05,4.9,7,"Editable Labels"
154,"Printable Numbers 1-20 Posters With Ten Frame","Digital Download",08/15/15,992,0,39,-,47,0,4.74%,$127.30,5.0,2,⇒Math
155,"Editable Labels-Chalkboard Wood Frame  Labels","Digital Download",08/15/15,235,0,19,-,11,0,4.68%,$26.73,5.0,1,"Editable Labels"
156,"Teacher Toolbox Labels Editable Classroom Supply Tags Black and White Decor","Digital Download",08/15/15,230,0,7,-,17,0,7.39%,$33.65,4.5,2,"Editable Labels"
157,"Editable Labels-Suede Stitched Labels","Digital Download",08/15/15,63,0,4,-,9,0,14.29%,$9.34,0.0,0,"Editable Labels"
158,"Halloween Gift Tags Editable Labels  |  Name Tags","Digital Download",08/15/15,399,0,7,-,33,0,8.27%,$47.72,5.0,3,"⇒Season :Halloween"
159,"Editable Labels - Chalkboard and Bright Pink and Green Polka Dot","Digital Download",08/18/15,1582,0,45,-,52,1,3.29%,$58.93,4.9,15,"Editable Labels"
160,"Teacher Toolbox Labels Editable Classroom Supply Labels Black and White Decor","Digital Download",08/19/15,1194,0,35,-,84,0,7.04%,$92.26,5.0,11,"Editable Labels"
161,"Editable Labels-Black and White Labels Chevron","Digital Download",08/19/15,1139,0,19,-,46,0,4.04%,$69.69,5.0,6,"Editable Labels"
162,"Teacher Toolbox Labels Editable Classroom Supply Tags Black and White Decor","Digital Download",08/19/15,276,0,9,-,23,0,8.33%,$25.99,5.0,3,"Editable Labels"
163,"Teacher Toolbox Labels Editable Classroom Supply Tags Bright Classroom Decor","Digital Download",08/19/15,1497,0,63,-,104,0,6.95%,$160.46,5.0,10,"Editable Labels"
164,"Editable Student Desk Name Tags Desk Name Plates Welcome Back To School Gift Tag","Digital Download",08/19/15,9331,0,232,-,617,1,6.61%,$928.04,5.0,76,"Editable Labels"
165,"Editable Spring Name Tags Printable Flower Labels","Digital Download",08/19/15,162,0,8,-,29,0,17.90%,$57.80,5.0,3,"⇒Season :Spring"
166,"Editable Labels-Chalkboard with Apples  Labels","Digital Download",08/19/15,98,0,5,-,5,0,5.10%,$9.93,0.0,0,"Editable Labels"
167,"Editable Pumpkin Labels For Fall   - Thanksgiving Gift Tags - Name Tags","Digital Download",08/19/15,426,3,9,-,41,0,9.62%,$44.48,5.0,3,"Editable Labels"
168,"Editable Labels - Chalkboard and Bright Blue Polka Dot","Digital Download",08/21/15,713,0,9,-,9,0,1.26%,$10.27,5.0,2,"Editable Labels"
169,"Editable Labels - Chalkboard and Polka Dot Green","Digital Download",08/21/15,418,0,14,-,22,3,5.26%,$27.86,5.0,3,"Editable Labels"
170,"Editable Labels - Chalkboard and Bright Purple Polka Dot","Digital Download",08/21/15,124,0,8,-,6,0,4.84%,$6.74,0.0,0,"Editable Labels"
171,"Editable Labels - Chalkboard and Bright Orange Polka Dot","Digital Download",08/21/15,111,0,5,-,5,0,4.51%,$5.32,0.0,0,"Editable Labels"
172,"Editable Labels-Chalkboard and Bright Yellow Polka Dot","Digital Download",08/21/15,144,0,7,-,9,0,6.25%,$9.96,5.0,1,"Editable Labels"
173,"Editable Labels - Chalkboard and Bright Pink Polka Dot","Digital Download",08/21/15,497,0,8,-,12,0,2.41%,$13.53,5.0,1,"Editable Labels"
174,"Place Value Worksheets   |   Tens and Ones  |  Math Review 1st Grade","Digital Download",09/05/15,4668,966,208,-,479,2,10.26%,"$1,366.87",4.9,79,⇒Math
175,"Editable Labels | Teacher Toolbox Labels | Rainbow Classroom Decor","Digital Download",09/05/15,231,0,11,-,10,0,4.33%,$19.98,0.0,0,"Editable Labels"
176,"Place Value Games  |    1st Grade Place Value Task Cards 2 Digit ","Digital Download",09/16/15,585,29,19,-,17,0,2.91%,$49.27,5.0,4,⇒Math
177,"Halloween Writing Prompts | Activities | Write a Scary Story | October Writing ","Digital Download",10/05/15,734,29,14,-,18,0,2.45%,$32.57,5.0,2,"⇒Season :Halloween"
178,"Free Halloween Activities Math Worksheets and Literacy","Digital Download",10/15/15,46664,0,334,21201,-,0,-,$0.00,4.7,65,"⇒Season :Halloween"
179,"Place Value Worksheets 3 digit -  Hundreds Tens Ones  2nd Grade ","Digital Download",10/25/15,4606,1044,216,-,448,1,9.73%,"$1,384.33",4.9,66,⇒Math
180,"Editable Labels - Christmas and Holiday Gift Tags Printable  - Name Tags","Digital Download",10/29/15,3756,0,71,-,578,3,15.39%,$847.31,4.9,45,"⇒Season :Christmas"
181,"2nd Grade Math Review Packet  -  3rd Grade Beginning of the Year Math Review","Digital Download",11/08/15,4945,1182,193,-,661,1,13.37%,"$3,073.41",4.7,53,⇒Math
182,"Editable Turkey Labels - Thanksgiving Gift Tags - Name Tags","Digital Download",11/13/15,734,0,26,-,121,2,16.49%,$182.53,5.0,11,"⇒Season :Thanksgiving"
183,"Thanksgiving Gift Tags  -  Name Tags -  Editable Labels","Digital Download",11/13/15,147,0,2,-,3,0,2.04%,$4.65,4.4,1,"⇒Season :Thanksgiving"
184,"Place Value  Game  |  Thanksgiving Math Center |  Hundreds Tens Ones Activities","Digital Download",11/16/15,546,30,9,-,3,0,0.55%,$7.98,5.0,2,⇒Math
185,"Cowboys and girls Clip Art","Digital Download",11/20/15,40,0,1,-,0,0,0.00%,$0.00,0.0,0,"⇒ Teacher's Clip Art"
186,"Multiplication Facts Chart 1-12 |  Multiplication Facts Fluency","Digital Download",11/21/15,2002,0,67,-,115,0,5.74%,$308.08,5.0,16,⇒Math
187,"Editable Labels  - Chalkboard Christmas Labels With Cupcakes  - Name Tags","Digital Download",11/22/15,231,0,8,-,15,0,6.49%,$21.86,5.0,1,"⇒Season :Christmas"
188,"Editable Labels - Christmas Gift Tags Printable  - Name Tags","Digital Download",11/28/15,2543,0,43,-,352,0,13.84%,$514.03,4.9,23,"⇒Season :Christmas"
189,"Editable Labels - Christmas Tags With Elf  - Name Tags","Digital Download",11/28/15,3594,0,65,-,348,1,9.68%,$508.98,4.9,42,"⇒Season :Christmas"
190,"Editable Labels - Christmas Tags With Santa  - Name Tags","Digital Download",11/28/15,3285,0,26,-,182,5,5.54%,$275.59,4.9,17,"⇒Season :Christmas"
191,"Editable Labels - Chalkboard Christmas Labels With Holly Leaves  - Name Tags","Digital Download",11/28/15,563,0,13,-,49,0,8.70%,$73.26,5.0,7,"⇒Season :Christmas"
192,"Editable Christmas Gift Tags  - Christmas Tree Template - Name Tags","Digital Download",11/28/15,2846,0,45,-,206,0,7.24%,$472.49,4.9,14,"⇒Season :Christmas"
193,"Christmas Activities 2nd Grade - Math and Literacy Worksheets For Centers","Digital Download",11/30/15,2184,594,40,-,170,0,7.78%,$535.80,4.8,12,"⇒Season :Christmas"
194,"Editable Labels - Chalkboard Christmas Gift Tags - Wild Reindeer - Name Tags","Digital Download",12/02/15,611,0,22,-,73,0,11.95%,$108.53,5.0,12,"⇒Season :Christmas"
195,"Editable Labels - Chalkboard Christmas Gift Tags Printable - Name Tags","Digital Download",12/02/15,159,0,6,-,11,0,6.92%,$16.86,5.0,4,"⇒Season :Christmas"
196,"Editable Labels - Chalkboard Christmas Labels Printable - Name Tags","Digital Download",12/03/15,90,0,4,-,6,0,6.67%,$9.00,5.0,2,"⇒Season :Christmas"
197,"Editable Labels - Christmas Gift Tags Printable - Name Tags","Digital Download",12/03/15,483,0,5,-,37,0,7.66%,$55.07,5.0,4,"⇒Season :Christmas"
198,"Editable Labels - Christmas Gift Tags Printable - Name Tags","Digital Download",12/03/15,166,0,8,-,21,0,12.65%,$32.21,5.0,2,"⇒Season :Christmas"
199,"Editable Labels - Christmas Gift Tags Printable - Name Tags","Digital Download",12/03/15,1374,0,44,-,189,0,13.76%,$278.96,4.9,17,"⇒Season :Christmas"
200,"Christmas Activities 2nd Grade : Christmas Math  Centers - QR Code Task Cards","Digital Download",12/08/15,954,0,33,-,54,0,5.66%,$166.85,4.9,13,⇒Math
201,"Editable Christmas Gift Tags With Penguins","Digital Download",12/08/15,363,0,7,-,33,0,9.09%,$63.69,5.0,5,"Editable Labels"
202,"Editable Christmas Gift Tags - Wild Reindeer Label - Name Tags","Digital Download",12/08/15,1337,0,10,-,58,1,4.34%,$133.76,5.0,6,"⇒Season :Christmas"
203,"Editable Christmas Gift Tags Christmas Tree","Digital Download",12/08/15,1774,0,24,-,107,0,6.03%,$301.47,5.0,6,"Editable Labels"
204,"Editable Christmas Gift Tags  Printable","Digital Download",12/08/15,223,0,3,-,1,0,0.45%,$2.40,5.0,1,"⇒Season :Christmas"
205,"Christmas Ornaments Printable Gift Tag Editable","Digital Download",12/08/15,446,0,1,-,21,1,4.71%,$50.09,5.0,1,"⇒Season :Christmas"
206," Christmas and Holiday Gift Tags  Printable Parents  Students -  Editable Labels","Digital Download",12/14/15,8680,0,110,-,844,2,9.72%,"$1,989.63",4.8,81,"Editable Labels"
207,"2nd Grade Math Review - Number and Operations in Base Ten Back To School Review","Digital Download",12/18/15,1884,40,47,-,70,0,3.72%,$200.38,4.9,25,⇒Math
208,"Editable Christmas Gift Tags With Snowman -  Winter Name Tags - Snowflake Labels","Digital Download",12/19/15,1140,0,34,-,104,0,9.12%,$298.83,5.0,8,"⇒Season :Christmas"
209,"Letter A Clip art","Digital Download",01/20/16,20,0,0,-,0,0,0.00%,$0.00,0.0,0,"⇒ Teacher's Clip Art"
210,"Letter B Clip art","Digital Download",01/20/16,14,0,0,-,0,0,0.00%,$0.00,0.0,0,"⇒ Teacher's Clip Art"
211,"Letter C Clip art","Digital Download",01/20/16,16,0,0,-,0,0,0.00%,$0.00,0.0,0,"⇒ Teacher's Clip Art"
212,"Letter D Clip art","Digital Download",01/20/16,8,0,0,-,0,0,0.00%,$0.00,0.0,0,"⇒ Teacher's Clip Art"
213,"Letter E Clip art","Digital Download",01/20/16,13,0,0,-,0,0,0.00%,$0.00,0.0,0,"⇒ Teacher's Clip Art"
214,"Letter F Clip art","Digital Download",01/20/16,9,0,0,-,0,0,0.00%,$0.00,0.0,0,"⇒ Teacher's Clip Art"
215,"Letter G Clip art","Digital Download",01/20/16,10,0,0,-,0,0,0.00%,$0.00,0.0,0,"⇒ Teacher's Clip Art"
216,"Letter H Clip art","Digital Download",01/20/16,12,0,1,-,1,0,8.33%,$1.05,0.0,0,"⇒ Teacher's Clip Art"
217,"Letter I Clip art","Digital Download",01/20/16,14,0,0,-,1,0,7.14%,$1.05,5.0,1,"⇒ Teacher's Clip Art"
218,"Letter J Clip art","Digital Download",01/20/16,12,0,0,-,0,0,0.00%,$0.00,0.0,0,"⇒ Teacher's Clip Art"
219,"Editable Back To School  Gift Tags - Name Tags  -  First Week Of School Labels","Digital Download",01/23/16,3167,0,42,-,175,0,5.53%,$418.16,4.8,23,"Editable Labels"
220,"Editable Back To School  Gift Tags - Name Tags - Labels","Digital Download",01/23/16,1963,0,16,-,131,0,6.67%,$186.55,5.0,10,"Editable Labels"
221,"Editable Back To School Gift Tags - Name Tags - Labels","Digital Download",01/23/16,2216,0,42,-,253,3,11.42%,$361.36,4.9,15,"Editable Labels"
222,"Editable Back To School Gift Tags - Name Tags - Labels","Digital Download",01/23/16,144,0,2,-,5,0,3.47%,$7.19,5.0,1,"Editable Labels"
223,"Editable Valentines Day Gift Tags From Teacher to Students - Name Tags - Labels","Digital Download",01/23/16,229,0,6,-,10,1,4.37%,$16.69,5.0,2,"Editable Labels"
224,"Editable Back To School Gift Tags - Name Tags - Labels","Digital Download",01/23/16,464,0,11,-,52,0,11.21%,$75.33,4.9,7,"Editable Labels"
225,"Editable Back To School Gift Tags - Name Tags - Labels","Digital Download",01/23/16,271,0,3,-,9,0,3.32%,$12.66,5.0,1,"Editable Labels"
226,"Letter K Clip art","Digital Download",01/24/16,12,0,0,-,0,0,0.00%,$0.00,0.0,0,"⇒ Teacher's Clip Art"
227,"Letter L Clip art","Digital Download",01/24/16,13,0,0,-,0,0,0.00%,$0.00,0.0,0,"⇒ Teacher's Clip Art"
228,"Letter M Clip art","Digital Download",01/24/16,8,0,0,-,0,0,0.00%,$0.00,0.0,0,"⇒ Teacher's Clip Art"
229,"Letter N Clip art","Digital Download",01/24/16,9,0,0,-,0,0,0.00%,$0.00,0.0,0,"⇒ Teacher's Clip Art"
230,"Letter O Clip art","Digital Download",01/24/16,5,0,0,-,0,0,0.00%,$0.00,0.0,0,"⇒ Teacher's Clip Art"
231,"Letter P Clip art","Digital Download",01/24/16,9,0,1,-,0,0,0.00%,$0.00,0.0,0,"⇒ Teacher's Clip Art"
232,"Letter Q Clip art","Digital Download",01/24/16,18,0,0,-,0,0,0.00%,$0.00,0.0,0,"⇒ Teacher's Clip Art"
233,"Math Fact Fluency 1st Grade Addition Up to 20 Worksheets ","Digital Download",01/31/16,1568,124,25,-,69,0,4.40%,$205.36,4.8,25,⇒Math
234,"2nd Grade Back To School Math  |  3rd Grade Beginning Of The Year Assessment","Digital Download",02/03/16,2901,972,180,-,384,6,13.24%,"$1,157.72",4.9,43,⇒Math
235,"St Patrick's Day Sight Word","Digital Download",02/25/16,579,0,10,-,6,0,1.04%,$10.55,5.0,4,"⇒Sight Words"
236,"First Grade Spring Math Worksheets no Prep  Spring Centers","Digital Download",04/20/16,1841,255,30,-,135,0,7.33%,$413.08,4.9,17,"⇒Season :Spring"
237,"Editable Spring Name Tags Printable Flowers Labels","Digital Download",04/20/16,67,0,6,-,4,0,5.97%,$6.03,5.0,2,"⇒Season :Spring"
238,"End of The Year Student Gift Tags Editable Summer Gift Tags","Digital Download",04/20/16,686,0,19,-,79,0,11.52%,$117.04,5.0,9,"⇒Season :End Of Year"
239,"Editable Labels-Puffy Labels","Digital Download",04/25/16,114,0,10,-,7,0,6.14%,$10.50,5.0,2,"Editable Labels"
240,"Free Editable Gift Tags","Digital Download",05/03/16,4053,0,48,2208,-,0,-,$0.00,5.0,7,"Editable Labels"
241,"Telling Time To The Hour And Half Hour Worksheets","Digital Download",05/14/16,1440,149,38,-,74,0,5.14%,$261.78,5.0,7,⇒Math
242,"Editable Labels-Chalkboard Blue Labels","Digital Download",05/16/16,2188,0,9,-,20,0,0.91%,$29.38,4.8,2,"Editable Labels"
243,"Editable Back To School  Gift Tags - Name Tags  -  First Week Of School Labels","Digital Download",05/16/16,705,0,4,-,22,0,3.12%,$52.32,5.0,1,"Editable Labels"
244,"Telling Time To The nearest 5 Minutes Worksheets","Digital Download",05/27/16,4218,615,90,-,359,1,8.51%,"$1,264.37",4.9,41,⇒Math
245,"Editable Circle Labels-Blue Star Round Labels","Digital Download",08/20/16,74,0,3,-,10,0,13.51%,$9.85,5.0,1,"Editable Labels"
246,"Editable Circle Labels-Brown Star Round Labels","Digital Download",08/20/16,23,0,0,-,0,0,0.00%,$0.00,0.0,0,"Editable Labels"
247,"Editable Circle Labels-Green Star Round Labels","Digital Download",08/20/16,35,0,2,-,2,0,5.71%,$2.25,0.0,0,"Editable Labels"
248,"Editable Circle Labels Grey Star Round Labels","Digital Download",08/20/16,69,0,0,-,2,0,2.90%,$2.40,0.0,0,"Editable Labels"
249,"Editable Circle Labels-Orange Star Round Labels","Digital Download",08/20/16,38,0,2,-,2,0,5.26%,$2.10,0.0,0,"Editable Labels"
250,"Editable Circle Labels-Pink Star Round Labels","Digital Download",08/20/16,49,0,4,-,4,0,8.16%,$4.11,0.0,0,"Editable Labels"
251,"Editable Circle Labels-Purple Star Round Labels","Digital Download",08/20/16,59,0,2,-,6,0,10.17%,$6.21,0.0,0,"Editable Labels"
252,"Editable Circle Labels-Red Star Round Labels","Digital Download",08/20/16,91,0,1,-,12,0,13.19%,$12.64,5.0,2,"Editable Labels"
253,"Editable Circle Labels-Royal Blue Star Round Labels","Digital Download",08/20/16,101,0,6,-,5,0,4.95%,$5.40,5.0,1,"Editable Labels"
254,"Editable Circle Labels -Yellow Star Round Labels","Digital Download",08/20/16,85,0,2,-,12,0,14.12%,$12.88,4.9,4,"Editable Labels"
255,"2D and 3D Shapes Activities - Geometry Task Cards","Digital Download",08/22/16,390,44,25,-,19,0,4.87%,$48.79,5.0,10,"⇒Task Cards"
256,"Student Desk Name Plates  Alphabet Desk Name Tags EDITABLE  First Day Of School","Digital Download",09/04/16,2075,0,63,-,75,0,3.61%,$177.69,5.0,8,"Editable Labels"
257,"School Supply Clip Art","Digital Download",09/17/16,58,0,0,-,0,0,0.00%,$0.00,0.0,0,"⇒ Teacher's Clip Art"
258,"Letter R Clip art","Digital Download",09/17/16,20,0,0,-,0,0,0.00%,$0.00,0.0,0,"⇒ Teacher's Clip Art"
259,"Letter S Clip art","Digital Download",09/17/16,9,0,0,-,0,0,0.00%,$0.00,0.0,0,"⇒ Teacher's Clip Art"
260,"Letter T Clip art","Digital Download",09/17/16,8,0,0,-,0,0,0.00%,$0.00,0.0,0,"⇒ Teacher's Clip Art"
261,"Letter U Clip art","Digital Download",09/17/16,12,0,0,-,0,0,0.00%,$0.00,0.0,0,"⇒ Teacher's Clip Art"
262,"Letter V Clip art","Digital Download",09/17/16,19,0,0,-,3,0,15.79%,$3.30,4.0,1,"⇒ Teacher's Clip Art"
263,"Letter W Clip art","Digital Download",09/17/16,10,0,0,-,0,0,0.00%,$0.00,0.0,0,"⇒ Teacher's Clip Art"
264,"Letter X Clip art","Digital Download",09/17/16,12,0,0,-,0,0,0.00%,$0.00,0.0,0,"⇒ Teacher's Clip Art"
265,"Letter Y Clip art","Digital Download",09/17/16,12,0,0,-,0,0,0.00%,$0.00,0.0,0,"⇒ Teacher's Clip Art"
266,"Letter Z Clip art","Digital Download",09/17/16,20,0,1,-,0,0,0.00%,$0.00,0.0,0,"⇒ Teacher's Clip Art"
267,"Place Value Worksheets : Place Value Ones And Tens - Freebie","Digital Download",10/01/16,40432,0,267,24802,-,0,-,$0.00,4.8,63,⇒Math
268,"Snowman Clip Art","Digital Download",10/02/16,124,0,2,-,5,0,4.03%,$7.85,5.0,3,"⇒ Clip Art : Winter"
269,"Halloween Gift Tags Editable Candy Corn Labels   |  Name Tags","Digital Download",10/23/16,210,0,1,-,26,0,12.38%,$38.40,5.0,2,"⇒Season :Halloween"
270,"Fall Pumpkin Labels Printable Editable  -  Thanksgiving Gift Tags  -  Name Tags","Digital Download",10/23/16,134,1,5,-,13,0,9.70%,$19.40,5.0,1,"Editable Labels"
271,"Pre Primer Sight Word Flash Cards |  Word Wall ","Digital Download",10/23/16,1378,102,13,-,8,0,0.58%,$21.01,5.0,1,"⇒Sight Words"
272," Zoo Animals Clip Art","Digital Download",10/24/16,236,0,13,-,8,0,3.39%,$29.66,5.0,4,"⇒ Teacher's Clip Art"
273,"Editable Spring Name Tags Printable Flower Labels","Digital Download",11/01/16,125,0,9,-,12,0,9.60%,$17.65,0.0,0,"⇒Season :Spring"
274,"Editable Labels-Swimming Fish Labels","Digital Download",11/01/16,199,0,5,-,24,0,12.06%,$35.87,0.0,0,"Editable Labels"
275,"Editable Labels -Chalkboard Labels","Digital Download",11/01/16,57,0,2,-,1,0,1.75%,$1.45,0.0,0,"Editable Labels"
276,"Editable Turkey Labels  -  Thanksgiving Gift Tags  -  Name Tags ","Digital Download",11/03/16,162,0,1,-,1,0,0.62%,$1.60,0.0,0,"⇒Season :Thanksgiving"
277,"Butterfly Emotions and Feelings Clip Art","Digital Download",11/03/16,55,0,1,-,2,0,3.64%,$3.85,0.0,0,"⇒ Teacher's Clip Art"
278,"Cactus Clip Art - Cactus Family Clip Art","Digital Download",11/03/16,42,0,5,-,2,0,4.76%,$4.95,0.0,0,"⇒ Clip Art : Plants"
279,"Cactus Clip Art - Cactus Family In Winter Clip art","Digital Download",11/03/16,321,0,22,-,14,0,4.36%,$24.89,5.0,5,"⇒ Teacher's Clip Art"
280,"Cactus Clip Art","Digital Download",11/03/16,201,0,14,-,9,0,4.48%,$18.57,4.7,3,"⇒ Clip Art : Plants"
281,"Space Kids Clip Art","Digital Download",11/05/16,54,0,6,-,1,0,1.85%,$2.40,0.0,0,"⇒ Teacher's Clip Art"
282,"Christmas Cookies Clip Art","Digital Download",11/05/16,71,0,2,-,1,0,1.41%,$2.40,0.0,0,"⇒ Teacher's Clip Art"
283,"Halloween Costume Clip Art -  Halloween Clip Art","Digital Download",11/06/16,119,0,5,-,0,0,0.00%,$0.00,0.0,0,"⇒Season :Halloween"
284,"Editable Labels - Christmas Labels With Cookies","Digital Download",11/07/16,69,0,1,-,3,0,4.35%,$4.35,0.0,0,"Editable Labels"
285,"Primer Sight Word Flashcards |  Word Wall  | High Frequency Words Practice","Digital Download",11/07/16,722,61,12,-,7,0,0.97%,$21.60,5.0,1,"⇒Sight Words"
286,"Sight Word Flash Cards 1st Grade |  Word Wall ","Digital Download",11/10/16,632,50,7,-,3,0,0.48%,$9.60,0.0,0,"⇒Sight Words"
287,"Sight Word Flash Cards 2nd Grade Sight Words For Word Wall","Digital Download",11/10/16,422,52,13,-,7,0,1.66%,$21.60,0.0,0,"⇒Sight Words"
288,"Sight Word Flash Cards 3rd Grade Word Wall ","Digital Download",11/10/16,293,30,6,-,1,0,0.34%,$3.20,0.0,0,"⇒Sight Words"
289,"Sweet Bakery Clip Art","Digital Download",11/12/16,31,0,4,-,0,0,0.00%,$0.00,0.0,0,"⇒ Clip Art : Jobs"
290,"I am thankful for cards","Digital Download",11/12/16,2283,0,30,940,-,0,-,$0.00,5.0,3,"Editable Labels"
291,"Safari Kids Clip Art","Digital Download",11/13/16,160,0,4,-,9,0,5.63%,$15.00,5.0,6,"⇒ Teacher's Clip Art"
292,"Editable Fall Labels  - Bird Labels - Name Tags - November","Digital Download",11/13/16,205,0,6,-,9,0,4.39%,$13.58,5.0,2,"⇒Season :Fall/Autumn"
293,"Teacher Toolbox Labels Editable Classroom Supply Tags Black and White Pirate","Digital Download",11/14/16,47,0,1,-,2,0,4.26%,$2.73,0.0,0,"Editable Labels"
294,"Monkeys Clip Art","Digital Download",11/15/16,42,0,0,-,0,0,0.00%,$0.00,0.0,0,"⇒ Clip Art : Animal"
295,"Free Color Pencils Clip Art","Digital Download",11/15/16,565,0,24,385,-,0,-,$0.00,5.0,25,"⇒ Teacher's Clip Art"
296,"Pirate Kids Clip Art","Digital Download",11/16/16,82,0,2,-,1,0,1.22%,$2.97,0.0,0,"⇒ Teacher's Clip Art"
297,"Pencil Pals Clip Art","Digital Download",11/17/16,29,0,2,-,1,0,3.45%,$1.60,0.0,0,"⇒ Teacher's Clip Art"
298,"Gingerbread Man Clip Art","Digital Download",11/21/16,40,0,1,-,0,0,0.00%,$0.00,0.0,0,"⇒ Teacher's Clip Art"
299,"Owls Clip Art","Digital Download",11/21/16,40,0,2,-,0,0,0.00%,$0.00,0.0,0,"⇒ Teacher's Clip Art"
300,"Penguin Clip Art","Digital Download",11/21/16,58,0,2,-,0,0,0.00%,$0.00,0.0,0,"⇒ Teacher's Clip Art"
301,"Musician Penguin Clip Art","Digital Download",11/21/16,27,0,3,-,0,0,0.00%,$0.00,0.0,0,"⇒ Clip Art : Animal"
302,"Merry Christmas Clip Art","Digital Download",11/21/16,129,0,2,-,0,0,0.00%,$0.00,0.0,0,"⇒ Teacher's Clip Art"
303,"Editable Labels - Gingerbread Man Labels For Christmas","Digital Download",11/22/16,94,0,2,-,1,0,1.06%,$1.45,0.0,0,"Editable Labels"
304,"Free Colored Shoes Clip Art","Digital Download",11/27/16,7017,0,182,5778,-,0,-,$0.00,5.0,55,"⇒ Teacher's Clip Art"
305,"Painting Kids Clip Art","Digital Download",12/01/16,33,0,0,-,1,0,3.03%,$3.20,0.0,0,"⇒ Teacher's Clip Art"
306,"Chemistry Kids Clip Art","Digital Download",12/01/16,20,0,2,-,0,0,0.00%,$0.00,0.0,0,"⇒ Clip Art : Kids"
307,"Math Kids Clip Art","Digital Download",12/01/16,21,0,2,-,0,0,0.00%,$0.00,0.0,0,"⇒ Clip Art : Math"
308,"Free Toys Clip Art","Digital Download",12/01/16,2193,0,30,1460,-,0,-,$0.00,4.9,14,"⇒ Teacher's Clip Art"
309,"Witch and Wizard Kids Clip Art - Halloween Clip Art","Digital Download",12/01/16,61,0,3,-,1,0,1.64%,$2.40,0.0,0,"⇒ Clip Art : Kids"
310,"Editable Labels - Christmas Labels","Digital Download",12/09/16,111,0,0,-,0,0,0.00%,$0.00,0.0,0,"Editable Labels"
311,"Editable Christmas Labels  -  Santa Hat Gift Tags Printable Template","Digital Download",12/09/16,222,0,2,-,4,0,1.80%,$6.10,5.0,1,"⇒Season :Christmas"
312,"Editable Christmas Labels  -  Santa Hat Gift Tags Printable Template","Digital Download",12/09/16,35,0,0,-,0,0,0.00%,$0.00,0.0,0,"⇒Season :Christmas"
313,"Editable Christmas Labels  -  Santa Hat Gift Tags Printable Template","Digital Download",12/09/16,24,0,0,-,0,0,0.00%,$0.00,0.0,0,"⇒Season :Christmas"
314,"Editable Christmas Labels  -  Santa Hat Gift Tags Printable Template","Digital Download",12/09/16,62,0,0,-,3,0,4.84%,$4.50,0.0,0,"⇒Season :Christmas"
315,"Editable Christmas Labels  -  Santa Hat Gift Tags Printable Template","Digital Download",12/09/16,35,0,0,-,3,0,8.57%,$4.65,0.0,0,"⇒Season :Christmas"
316,"Editable Labels - Chalkboard Christmas Gift Tags  - Name Tags Printable","Digital Download",12/09/16,249,0,0,-,16,0,6.43%,$22.35,5.0,2,"⇒Season :Christmas"
317,SALE,"Digital Download",12/12/16,16,0,0,4,-,0,-,$0.00,0.0,0,
318,"Editable Christmas Gift Tags Printable","Digital Download",12/18/16,655,0,7,-,26,0,3.97%,$61.29,4.9,3,"⇒Season :Christmas"
319,"Editable Labels - Chalkboard Christmas Gift Tags  - Name Tags Printable","Digital Download",12/18/16,137,0,3,-,11,0,8.03%,$16.08,5.0,1,"⇒Season :Christmas"
320,"Editable Labels - Chalkboard Christmas Gift Tags  - Name Tags Printable","Digital Download",12/18/16,125,0,4,-,5,0,4.00%,$7.08,0.0,0,"⇒Season :Christmas"
321,"Editable Labels - Chalkboard Christmas Gift Tags  - Name Tags Printable","Digital Download",12/18/16,91,0,0,-,4,0,4.40%,$5.78,0.0,0,"⇒Season :Christmas"
322,"Editable Labels - Chalkboard Christmas Gift Tags  - Name Tags Printable","Digital Download",12/18/16,78,0,1,-,3,0,3.85%,$4.50,4.0,1,"⇒Season :Christmas"
323,"Editable Labels - Chalkboard Christmas Gift Tags  - Name Tags Printable","Digital Download",12/18/16,225,0,3,-,16,0,7.11%,$23.50,0.0,0,"⇒Season :Christmas"
324,"Editable Labels - Chalkboard Christmas Gift Tags  - Name Tags Printable","Digital Download",12/18/16,123,0,1,-,6,0,4.88%,$9.00,0.0,0,"⇒Season :Christmas"
325,"Free Christmas Gifts Clip Art","Digital Download",12/18/16,1047,0,46,683,-,0,-,$0.00,5.0,7,"⇒ Teacher's Clip Art"
326,"Candy Clip Art","Digital Download",12/18/16,28,0,0,-,2,0,7.14%,$4.32,0.0,0,"⇒ Clip Art : Halloween"
327,"Pre Primer Sight Words Worksheets Assessment High Frequency Words Practice List","Digital Download",12/18/16,18851,3460,714,-,"1,397",1,7.41%,"$3,367.60",4.9,149,"⇒Sight Words"
328,"Superhero Clip Art","Digital Download",01/16/17,269,0,8,-,17,0,6.32%,$18.50,5.0,7,"⇒ Teacher's Clip Art"
329,"Kids In Animal Costumes Clip Art","Digital Download",01/16/17,42,0,1,-,1,0,2.38%,$2.40,0.0,0,"⇒ Teacher's Clip Art"
330,"Basketball Kids Clip Art","Digital Download",01/16/17,31,0,0,-,1,0,3.23%,$2.40,0.0,0,"⇒ Clip Art : Kids"
331,"Clock Clip Art","Digital Download",01/16/17,16,0,1,-,0,0,0.00%,$0.00,0.0,0,"⇒ Clip Art : Kids"
332,"Free Flowers Clip Art","Digital Download",01/16/17,905,0,30,599,-,0,-,$0.00,5.0,9,"⇒ Clip Art : Spring"
333,"100th Day Of School Activities - Badges","Digital Download",01/16/17,103,0,3,-,3,0,2.91%,$7.20,0.0,0,⇒Literacy
334,"Primer Sight Words Worksheets Assessment High Frequency Word Practice List","Digital Download",02/04/17,7998,1533,253,-,266,3,3.33%,"$1,117.50",5.0,28,"⇒Sight Words"
335,"Kindergarten Sight Words High Frequency Words Practice Worksheets  Assessments ",Bundle,02/04/17,24459,2959,1012,-,"1,361",0,5.56%,"$9,326.65",4.8,154,"***Bundles & Save $"
336,"Editable Back To School  Gift Tags - Name Tags  -  First Week Of School Labels","Digital Download",02/04/17,2536,0,79,-,313,0,12.34%,$452.45,4.8,26,"Editable Labels"
337,"Editable Back To School  Gift Tags - Name Tags  -  First Week Of School Labels","Digital Download",02/04/17,2802,0,147,-,547,11,19.52%,$804.68,4.8,31,"Editable Labels"
338,"Free Penguin Math Worksheets","Digital Download",02/04/17,5738,0,42,2447,-,0,-,$0.00,5.0,2,⇒Math
339,"Free Valentine's Day Clip Art","Digital Download",02/04/17,1095,0,30,706,-,0,-,$0.00,5.0,6,"⇒ Teacher's Clip Art"
340,"Valentine's Day Monsters Clip Art","Digital Download",02/04/17,186,0,4,-,9,0,4.84%,$20.51,5.0,6,"⇒ Teacher's Clip Art"
341,"Free Labels - Editable Valentine's Day Gift Tags From Teachers  To Students ","Digital Download",02/04/17,15087,0,145,11433,-,0,-,$0.00,4.9,41,"Editable Labels"
342,"First Grade Sight Words Worksheets Assessment High Frequency Words Practice List","Digital Download",02/11/17,5661,1054,263,-,394,4,6.96%,"$1,366.84",4.9,47,"⇒Sight Words"
343,"Valentine's Day Clip Art","Digital Download",02/11/17,44,0,2,-,1,0,2.27%,$1.77,0.0,0,"⇒ Clip Art : Valentine's Day"
344,"Editable Valentines Day Gift Tags From Teacher to Students - Name Tags - Labels","Digital Download",02/11/17,148,0,2,-,6,0,4.05%,$8.85,5.0,1,"Editable Labels"
345,"Editable Valentines Day Gift Tags From Teacher to Students - Name Tags - Labels","Digital Download",02/11/17,228,0,2,-,11,0,4.83%,$15.61,4.0,3,"Editable Labels"
346,"Firefighter Clip Art","Digital Download",02/27/17,33,0,0,-,0,0,0.00%,$0.00,0.0,0,"⇒ Clip Art : Kids"
347,"Fractions Worksheets Equivalent Fractions Comparing Fractions on a Number Line","Digital Download",02/27/17,3457,424,89,-,210,0,6.08%,$829.91,4.9,24,⇒Math
348,"PI Day Kids Clip Art","Digital Download",03/07/17,15,0,0,-,0,0,0.00%,$0.00,0.0,0,"⇒ Clip Art : Math"
349,"Free PI Day Clip Art","Digital Download",03/07/17,430,0,10,225,-,0,-,$0.00,5.0,3,"⇒ Teacher's Clip Art"
350,"Free PI Day Clip Art","Digital Download",03/07/17,452,0,11,245,-,0,-,$0.00,5.0,3,"⇒ Teacher's Clip Art"
351,"Free Sight Words Worksheets  -  Sight Word Practice Pages Kindergarten","Digital Download",03/07/17,201066,0,1718,118286,-,0,-,$0.00,4.7,197,⇒Literacy
352,"Teacher Toolbox Labels Editable Classroom Supply Tags Black and White Decor","Digital Download",03/07/17,1228,0,7,-,12,0,0.98%,$17.73,0.0,0,"Editable Labels"
353,"Teacher Toolbox Labels Editable Classroom Supply Labels Black and White Decor","Digital Download",03/07/17,147,0,10,-,9,0,6.12%,$13.65,5.0,1,"Editable Labels"
354,"2nd Grade Sight Words Assessment High Frequency Words Practice  Worksheets","Digital Download",03/29/17,4858,808,216,-,342,4,7.04%,"$1,313.15",4.8,35,⇒Literacy
355,"3rd Grade High Frequency Words Sight Words Practice Worksheets Assessment","Digital Download",03/29/17,2269,427,116,-,144,0,6.35%,$418.00,4.9,20,⇒Literacy
356,"Easter Bunny Clip Art","Digital Download",03/30/17,109,0,2,-,6,0,5.51%,$6.88,5.0,4,"⇒ Teacher's Clip Art"
357,"Emotions and Feelings Clip Art-Bunnies Clip Art","Digital Download",03/30/17,97,0,3,-,0,0,0.00%,$0.00,0.0,0,"⇒ Teacher's Clip Art"
358,"Emotions and Feelings Clip Art-Flowers Clip Art","Digital Download",03/30/17,171,0,1,-,4,0,2.34%,$8.57,0.0,0,"⇒ Clip Art : Spring"
359,"Bear Outline Clip Art","Digital Download",03/30/17,17,0,0,-,0,0,0.00%,$0.00,0.0,0,"⇒ Teacher's Clip Art"
360,"Butterfly Outline Clip Art","Digital Download",03/30/17,31,0,0,-,2,0,6.45%,$3.05,0.0,0,"⇒ Teacher's Clip Art"
361,"Counting Clip Art - Flowers Clip Art","Digital Download",03/30/17,34,0,3,-,1,0,2.94%,$2.40,0.0,0,"⇒ Teacher's Clip Art"
362,"Monster Clip Art","Digital Download",03/30/17,256,0,5,-,5,0,1.95%,$7.47,5.0,4,"⇒ Teacher's Clip Art"
363,"Free Purple Monster Clip Art","Digital Download",03/30/17,754,0,15,416,-,0,-,$0.00,5.0,5,"⇒ Clip Art : Monsters"
364,"Counting Clip Art - Apples Clip Art","Digital Download",04/07/17,44,0,1,-,0,0,0.00%,$0.00,0.0,0,"⇒ Clip Art : Math"
365,"Emotions and Feelings Clip Art-Cactus Clip Art","Digital Download",04/07/17,363,0,33,-,37,0,10.19%,$77.82,5.0,15,"⇒ Clip Art : Plants"
366,"Cupcake Outline Clip Art","Digital Download",04/07/17,21,0,0,-,1,0,4.76%,$1.55,0.0,0,"⇒ Teacher's Clip Art"
367,"Counting Clip Art - Balloons Clip Art","Digital Download",04/08/17,109,0,2,-,8,0,7.34%,$15.59,5.0,4,"⇒ Teacher's Clip Art"
368,"Emotions and Feelings Clip Art-Moon Clip Art","Digital Download",04/08/17,31,0,2,-,1,0,3.23%,$2.40,0.0,0,"⇒ Teacher's Clip Art"
369,"Lion Outline Clip Art","Digital Download",04/08/17,28,0,1,-,1,0,3.57%,$1.45,0.0,0,"⇒ Teacher's Clip Art"
370,"Emotions and Feelings Clip Art-Stars Clip Art","Digital Download",04/09/17,56,0,2,-,3,0,5.36%,$6.72,0.0,0,"⇒ Teacher's Clip Art"
371,"Flower Outline Clip Art","Digital Download",04/09/17,37,0,2,-,0,0,0.00%,$0.00,0.0,0,"⇒ Teacher's Clip Art"
372,"Fish Outline Clip Art","Digital Download",04/10/17,27,0,0,-,2,0,7.41%,$2.90,0.0,0,"⇒ Teacher's Clip Art"
373,"Emotions and Feelings Clip Art - Snowman Clip Art","Digital Download",04/10/17,179,0,3,-,3,0,1.68%,$5.77,0.0,0,"⇒ Clip Art : Winter"
374,"Counting Clip Art -Bees Clip Art","Digital Download",04/10/17,63,0,8,-,4,0,6.35%,$8.80,5.0,1,"⇒ Teacher's Clip Art"
375,"Spring Math Word Problems Worksheets Addition and Subtraction Within 20","Digital Download",04/15/17,1516,156,94,-,252,0,16.62%,$614.60,4.9,33,⇒Math
376,"Mother's Day  Clip Art","Digital Download",04/15/17,31,0,2,-,1,0,3.23%,$1.70,0.0,0,"⇒ Teacher's Clip Art"
377,"4th Grade Fraction Review  Improper Fractions and Mixed Numbers Worksheets","Digital Download",04/30/17,3374,171,24,-,119,0,3.53%,$261.31,4.7,14,⇒Math
378,"Word Families Worksheets Free","Digital Download",05/07/17,4572,0,45,2155,-,0,-,$0.00,5.0,3,⇒Literacy
379,"Free Spring Math Worksheets","Digital Download",05/20/17,15802,0,83,7206,-,0,-,$0.00,5.0,21,⇒Math
380,"Converting Mixed Numbers to Improper Fraction Task Cards","Digital Download",06/03/17,530,0,14,-,18,0,3.40%,$49.13,4.7,3,⇒Math
381,"Converting Improper Fractions to Mixed Numbers Task Cards","Digital Download",06/03/17,1026,0,24,-,44,0,4.29%,$118.98,4.8,6,⇒Math
382,"Editable Back To School Gift Tags First Week Of School Labels  |  Desk Name Tags","Digital Download",06/18/17,112407,0,682,83072,-,0,-,$0.00,4.8,165,"Editable Labels"
383,"Printable Teacher Planner 2022 - 2023 Editable Monthly Calendar 2022-2023","Digital Download",06/28/17,2733,640,46,-,27,0,0.99%,$140.00,4.6,4,"⇒ Teacher Planners"
384,"Editable Labels - Polka Dot Labels","Digital Download",06/30/17,195,0,4,-,16,0,8.21%,$23.76,4.9,5,"Editable Labels"
385,"Editable Labels-Polka Dot Labels","Digital Download",06/30/17,165,0,11,-,16,0,9.70%,$23.22,4.9,4,"Editable Labels"
386,"Editable Back To School  Gift Tags - Name Tags  -  Labels Printable - Summer","Digital Download",07/02/17,468,0,6,-,38,0,8.12%,$87.84,4.7,3,"Editable Labels"
387,"Editable Back To School Gift Tags For Students","Digital Download",07/02/17,255,0,4,-,37,0,14.51%,$86.55,5.0,2,"Editable Labels"
388,"Editable Labels - Christmas and Holiday Gift Tags Printable","Digital Download",07/02/17,219,0,2,-,16,0,7.31%,$35.66,5.0,1,"Editable Labels"
389,"Editable Binder Covers Free","Digital Download",07/08/17,13816,0,161,8259,-,0,-,$0.00,4.9,25,"⇒ Teacher Planners"
390,"Free Fractions Worksheets - Converting Mixed Numbers And Improper Fractions","Digital Download",07/08/17,30433,0,180,17207,-,0,-,$0.00,4.8,52,⇒Math
391,"Editable Back To School Gift Tags First Week Of School Labels  |  Desk Name Tags","Digital Download",08/01/17,1552,0,56,-,221,0,14.24%,$578.44,5.0,19,"Editable Labels"
392,"Editable Back To School  Gift Tags - Name Tags  -  Labels Printable - Summer","Digital Download",08/01/17,159,0,4,-,17,0,10.69%,$40.17,5.0,2,"Editable Labels"
393,"Editable Back To School Gift Tags For Students","Digital Download",08/01/17,89,0,2,-,4,0,4.49%,$9.60,0.0,0,"Editable Labels"
394,"Editable  Gift Tags With Panda","Digital Download",08/01/17,123,0,1,-,1,0,0.81%,$2.40,0.0,0,"Editable Labels"
395,"Editable Labels With Panda","Digital Download",08/01/17,27,0,0,-,1,0,3.70%,$2.55,0.0,0,"Editable Labels"
396,"Editable Back To School Gift Tags First Week Of School Labels  |  Desk Name Tags","Digital Download",08/01/17,406,0,12,-,65,0,16.01%,$182.93,4.9,14,"Editable Labels"
397,"Editable Back To School  Gift Tags - Name Tags  -  Labels Printable - Summer","Digital Download",08/01/17,152,0,6,-,18,0,11.84%,$51.84,4.7,3,"Editable Labels"
398,"Editable Back To School  Gift Tags - Name Tags  -  Labels Printable - Summer","Digital Download",08/01/17,133,0,3,-,8,0,6.02%,$23.04,5.0,1,"Editable Labels"
399,"Editable Back To School Gift Tags - Name Tags  -  Labels Printable - Summer","Digital Download",08/01/17,57,0,1,-,1,0,1.75%,$2.88,0.0,0,"Editable Labels"
400,"Teacher Planner 2022 - 2023 Editable  Monthly Calendar ","Digital Download",08/04/17,1022,221,28,-,12,0,1.17%,$52.19,4.5,2,"⇒ Teacher Planners"
401,"Editable Back To School Gift Tags - Name Tags  -  Labels Printable - Summer","Digital Download",08/04/17,100,0,3,-,7,0,7.00%,$15.74,0.0,0,"⇒Season :Christmas"
402,"Editable Back To School  Gift Tags - Name Tags  -  Labels Printable - Summer","Digital Download",08/04/17,58,0,1,-,6,0,10.35%,$14.40,0.0,0,"Editable Labels"
403,"Editable Back To School  Gift Tags - Name Tags  -  Labels Printable - Summer","Digital Download",08/04/17,121,0,1,-,11,0,9.09%,$24.28,5.0,1,"Editable Labels"
404,"Editable Back To School Gift Tags - Name Tags  -  Labels Printable - Summer","Digital Download",08/04/17,109,0,3,-,15,0,13.76%,$35.52,5.0,3,"Editable Labels"
405,"Editable Back To School Gift Tags - Name Tags  -  Labels Printable - Summer","Digital Download",08/04/17,90,0,2,-,6,0,6.67%,$13.14,0.0,0,"Editable Labels"
406,"Editable Back To School  Gift Tags - Name Tags  -  Labels Printable - Summer","Digital Download",08/04/17,59,0,2,-,2,0,3.39%,$4.17,0.0,0,"⇒Season :Christmas"
407,"Editable Back To School  Gift Tags - Name Tags  -  Labels Printable - Summer","Digital Download",08/04/17,241,0,4,-,18,0,7.47%,$40.20,5.0,2,"Editable Labels"
408,"Editable Gift Tags For teachers","Digital Download",08/04/17,37,0,1,-,1,0,2.70%,$1.77,0.0,0,"Editable Labels"
409,"Editable Gift Tags For Teachers","Digital Download",08/04/17,41,0,0,-,2,0,4.88%,$4.80,0.0,0,"Editable Labels"
410,"Editable Back To School  Gift Tags - Name Tags  -  Labels Printable - Summer","Digital Download",08/04/17,44,0,1,-,2,0,4.55%,$4.80,0.0,0,"Editable Labels"
411,"Editable Labels - Blue and Green Labels","Digital Download",08/04/17,101,0,2,-,8,0,7.92%,$11.88,5.0,2,"Editable Labels"
412,"Editable Labels -  Labels","Digital Download",08/16/17,70,0,3,-,0,0,0.00%,$0.00,0.0,0,"Editable Labels"
413,"Bright Chevron Classroom Calendar 2018-2019 - Chevron Classroom Decor","Digital Download",08/17/17,151,23,7,-,4,0,2.65%,$13.00,0.0,0,
414,"Halloween Gift Tags Editable Labels |  Name Tags","Digital Download",08/18/17,329,0,1,-,18,0,5.47%,$36.75,5.0,1,"⇒Season :Halloween"
415,"Counting Clip Art -Candy Corn Clip Art","Digital Download",08/18/17,25,0,0,-,0,0,0.00%,$0.00,0.0,0,"⇒Season :Halloween"
416,"Counting Ghosts Clip Art - Halloween Clip Art","Digital Download",08/18/17,23,0,1,-,1,0,4.35%,$2.40,0.0,0,"⇒ Clip Art : Math"
417,"Counting Clip Art-Spider Clip art","Digital Download",08/18/17,23,0,0,-,0,0,0.00%,$0.00,0.0,0,"⇒ Clip Art : Halloween"
418,"Editable and Printable Monthly Calendar 2022-23 Teacher Planner 2022-2023","Digital Download",08/26/17,2080,260,60,-,64,0,3.08%,$181.94,4.8,5,"⇒ Teacher Planners"
419,"Halloween Clip Art Borders","Digital Download",08/27/17,67,0,2,-,3,0,4.48%,$7.20,5.0,1,"⇒Season :Halloween"
420,"Flower Frames Clip Art","Digital Download",08/27/17,62,0,1,-,0,0,0.00%,$0.00,0.0,0,"⇒ Teacher's Clip Art"
421,"Emotions and Feelings Candy Corn Clip Art- Halloween Clip Art","Digital Download",08/27/17,60,0,3,-,3,0,5.00%,$4.00,5.0,1,"⇒Season :Halloween"
422,"Emotions and Feelings Clip Art-Witch Clip Art","Digital Download",08/27/17,42,0,3,-,0,0,0.00%,$0.00,0.0,0,"⇒Season :Halloween"
423,"Dairy Clip Art","Digital Download",08/27/17,46,0,1,-,3,0,6.52%,$7.45,5.0,1,"⇒ Clip Art : Foods"
424,"Protein Food Clip Art","Digital Download",08/27/17,136,0,0,-,3,0,2.21%,$6.72,5.0,2,"⇒ Clip Art : Foods"
425,"Counting Clip Art -Clown With Balloons","Digital Download",08/27/17,44,0,3,-,3,0,6.82%,$8.40,5.0,1,"⇒ Teacher's Clip Art"
426,"Clowns Clip Art","Digital Download",08/27/17,79,0,1,-,0,0,0.00%,$0.00,0.0,0,"⇒ Teacher's Clip Art"
427,"Emotions and Feelings Clip Art  - Clowns Clip Art","Digital Download",08/27/17,77,0,3,-,5,0,6.49%,$12.00,5.0,1,"⇒ Teacher's Clip Art"
428,"Editable Gift Tags With Clown","Digital Download",08/27/17,55,0,0,-,1,0,1.82%,$2.40,0.0,0,"Editable Labels"
429,"Editable Labels With Clown","Digital Download",08/27/17,163,0,2,-,1,0,0.61%,$2.40,5.0,1,"Editable Labels"
430,"Teacher Toolbox Labels Editable Classroom Supply Labels Tropical Classroom Decor","Digital Download",08/27/17,222,0,2,-,2,0,0.90%,$3.30,0.0,0,"Editable Labels"
431,"Teacher Toolbox Labels Editable Classroom Supply Labels Tropical Classroom Decor","Digital Download",08/27/17,209,0,5,-,6,0,2.87%,$10.87,5.0,2,"Editable Labels"
432,"Emotions and Feelings Clip Art-Pineapple Clip Art","Digital Download",08/27/17,70,0,9,-,3,0,4.29%,$8.00,5.0,1,"⇒ Clip Art : Fruits"
433,"Pineapple Clip Art","Digital Download",08/27/17,46,0,3,-,1,0,2.17%,$1.92,5.0,1,"⇒ Teacher's Clip Art"
434,"Editable Labels - Thanksgiving Gift Tags  - Name Tags","Digital Download",09/03/17,259,0,9,-,12,0,4.63%,$22.65,5.0,3,"⇒Season :Thanksgiving"
435,"Thanksgiving Gift Tags  -  Name Tags - Editable Labels","Digital Download",09/03/17,184,0,7,-,13,0,7.07%,$31.20,5.0,2,"⇒Season :Thanksgiving"
436,"Fall Clip Art","Digital Download",09/03/17,52,0,2,-,0,0,0.00%,$0.00,0.0,0,"⇒ Teacher's Clip Art"
437,"Halloween Color By Sight Word","Digital Download",10/29/17,1210,79,15,-,43,0,3.55%,$109.41,4.7,7,"⇒Sight Words"
438,"Editable Christmas Gift Tags With Santa - Printable Label","Digital Download",10/31/17,1168,0,9,-,35,0,3.00%,$82.26,5.0,2,"⇒Season :Christmas"
439,"Place Value Worksheets  -   Place Value Hundreds Tens Ones",Bundle,11/18/17,988,135,43,-,66,0,6.68%,$336.96,4.8,8,⇒Math
440,"Santa Clip Art","Digital Download",11/25/17,74,0,3,-,1,0,1.35%,$0.80,5.0,1,"⇒ Clip Art : Christmas"
441,"Free Christmas Gift Tags Printable  and  Editable - Name Tags","Digital Download",12/01/17,9808,0,64,5264,-,0,-,$0.00,4.8,6,"⇒Season :Christmas"
442,"Editable Back To School Gift Tags - Name Tags - Labels","Digital Download",02/10/18,65,0,0,-,1,0,1.54%,$2.40,0.0,0,"Editable Labels"
443,"Editable Back To School Gift Tags - Name Tags - Labels","Digital Download",02/10/18,49,0,0,-,0,0,0.00%,$0.00,0.0,0,"Editable Labels"
444,"Editable Back To School Gift Tags - Name Tags - Labels","Digital Download",02/10/18,110,0,1,-,5,0,4.55%,$13.67,0.0,0,"Editable Labels"
445,"Editable Back To School Gift Tags - Name Tags - Labels","Digital Download",02/11/18,42,0,2,-,0,0,0.00%,$0.00,0.0,0,"Editable Labels"
446,"Editable Back To School Gift Tags - Name Tags - Labels","Digital Download",02/11/18,97,0,0,-,2,0,2.06%,$4.32,0.0,0,"Editable Labels"
447,"Editable Back To School Gift Tags - Name Tags - Labels","Digital Download",02/11/18,89,0,0,-,0,0,0.00%,$0.00,0.0,0,"Editable Labels"
448,"St Patricks Day Gift Tags Editable  Labels Printable Shamrock Name tags","Digital Download",03/04/18,57,0,1,-,4,0,7.02%,$9.60,0.0,0,"Editable Labels"
449,"St Patricks Day Gift Tags Editable  Labels Printable Shamrock Name tags","Digital Download",03/04/18,24,0,0,-,0,0,0.00%,$0.00,0.0,0,"Editable Labels"
450,"St Patricks Day Gift Tags Editable  Labels Printable Shamrock Name Tags","Digital Download",03/04/18,21,0,0,-,0,0,0.00%,$0.00,0.0,0,"Editable Labels"
451,"St Patricks Day Gift Tags Editable  Labels Printable Shamrock Name Tags","Digital Download",03/04/18,132,0,1,-,8,0,6.06%,$19.20,0.0,0,"Editable Labels"
452,"St Patricks Day Gift Tags Editable  Labels Printable Shamrock Name Tags","Digital Download",03/04/18,40,0,2,-,1,0,2.50%,$2.40,0.0,0,"Editable Labels"
453,"St Patricks Day Gift Tags Editable  Labels Printable Shamrock Name Tags","Digital Download",03/04/18,43,0,0,-,0,0,0.00%,$0.00,0.0,0,"Editable Labels"
454,"Teacher Toolbox Labels Editable Classroom Supply Tags Black and White Decor","Digital Download",04/16/18,88,0,2,-,3,0,3.41%,$4.50,0.0,0,"Editable Labels"
455,"Teacher Toolbox Labels Editable Classroom Supply Tags Black and White Decor","Digital Download",04/16/18,75,0,4,-,5,0,6.67%,$7.31,0.0,0,"Editable Labels"
456,"Editable Labels - Apple Labels","Digital Download",04/16/18,314,0,7,-,14,0,4.46%,$21.20,5.0,1,"Editable Labels"
457,"Teacher Toolbox Labels Editable Classroom Supply Tags Black and White Decor","Digital Download",04/17/18,55,0,1,-,0,0,0.00%,$0.00,0.0,0,"Editable Labels"
458,"Teacher Toolbox Labels Editable Classroom Supply Tags Black and White Decor","Digital Download",04/17/18,33,0,1,-,0,0,0.00%,$0.00,0.0,0,"Editable Labels"
459,"Editable Labels - Apple Labels","Digital Download",04/17/18,115,0,3,-,6,0,5.22%,$9.30,5.0,2,"Editable Labels"
460,"Classroom Supply Labels EDITABLE - Bee Theme Classroom Decor","Digital Download",04/17/18,282,0,9,-,8,0,2.84%,$11.39,5.0,1,"Editable Labels"
461,"Editable Labels - Clock Labels","Digital Download",04/17/18,22,3,1,-,0,0,0.00%,$0.00,0.0,0,"Editable Labels"
462,"Editable Labels - Cloud Labels","Digital Download",04/18/18,586,0,4,-,40,0,6.83%,$58.24,5.0,2,"Editable Labels"
463,"Editable Labels - Flower Labels","Digital Download",04/18/18,433,0,2,-,9,0,2.08%,$12.86,5.0,3,"Editable Labels"
464,"Insects Clip Art","Digital Download",04/18/18,74,0,0,-,0,0,0.00%,$0.00,0.0,0,"⇒ Clip Art : Animal"
465,"Editable Labels - Hand Labels","Digital Download",04/19/18,275,0,4,-,4,0,1.46%,$5.48,0.0,0,"Editable Labels"
466,"Editable Labels - Heart Labels","Digital Download",04/19/18,260,0,4,-,14,0,5.39%,$20.11,0.0,0,"Editable Labels"
467,"Editable Labels - Heart Labels","Digital Download",04/19/18,147,0,5,-,17,0,11.57%,$25.08,5.0,1,"Editable Labels"
468,"Editable Labels - Kitty Labels","Digital Download",04/19/18,149,0,2,-,0,0,0.00%,$0.00,0.0,0,"Editable Labels"
469,"Editable Fall Leaf Printable Labels - Name Tags ","Digital Download",04/21/18,242,0,4,-,2,0,0.83%,$3.05,5.0,1,"Editable Labels"
470,"Editable Labels - Orange Labels","Digital Download",04/21/18,49,0,0,-,7,0,14.29%,$10.30,5.0,2,"Editable Labels"
471,"Editable Labels - Sun Labels","Digital Download",04/21/18,318,0,8,-,18,0,5.66%,$26.23,0.0,0,"Editable Labels"
472,"Editable Labels  -  Easter Gift Tags Editable Name Tags","Digital Download",04/21/18,126,0,5,-,3,0,2.38%,$3.86,0.0,0,"Editable Labels"
473,"Editable Labels - Circle Labels","Digital Download",04/21/18,489,0,3,-,5,0,1.02%,$7.70,5.0,1,"Editable Labels"
474,"Editable Labels  -  Easter Gift Tags Editable Name Tags","Digital Download",04/22/18,52,0,2,-,11,0,21.15%,$16.38,4.5,2,"Editable Labels"
475,"Editable Labels  -   Easter Gift Tags Editable Name Tags","Digital Download",04/22/18,182,0,1,-,2,0,1.10%,$2.73,0.0,0,"Editable Labels"
476,"Editable Labels","Digital Download",04/22/18,61,0,4,-,3,0,4.92%,$4.50,0.0,0,"Editable Labels"
477,"Editable Labels  -  Easter Gift Tags   Editable Name Tags","Digital Download",04/24/18,96,0,4,-,6,0,6.25%,$8.53,0.0,0,"Editable Labels"
478,"Editable Labels - Star Labels","Digital Download",04/24/18,289,0,11,-,35,0,12.11%,$51.44,5.0,3,"Editable Labels"
479,"Editable Labels - Moon Labels","Digital Download",04/24/18,49,0,2,-,3,0,6.12%,$4.35,0.0,0,"Editable Labels"
480,"Editable Labels - Triangle Labels","Digital Download",04/24/18,35,0,0,-,0,0,0.00%,$0.00,0.0,0,"Editable Labels"
481,"Editable Labels - Polka dot Labels","Digital Download",04/24/18,458,0,9,-,6,0,1.31%,$9.00,0.0,0,"Editable Labels"
482,"Editable Labels - Tree Labels Printable","Digital Download",04/28/18,63,0,5,-,4,0,6.35%,$5.80,0.0,0,"Editable Labels"
483,"Editable Gift Tag Printable Snowflake Labels For Christmas  - Name Tags  Winter","Digital Download",04/28/18,46,0,3,-,7,1,15.22%,$11.58,5.0,1,"⇒Season :Christmas"
484,"Editable Gift Tag Printable Snowflake Labels For Christmas  - Name Tags  Winter","Digital Download",04/28/18,30,0,1,-,0,0,0.00%,$0.00,0.0,0,"⇒Season :Christmas"
485,"Editable Turkey Labels  - Thanksgiving Gift Tags - Name Tags ","Digital Download",04/28/18,161,0,3,-,1,0,0.62%,$1.45,0.0,0,"⇒Season :Thanksgiving"
486,"Editable Gift Tags Printable Snowflake Labels For Christmas  - Name Tags Winter","Digital Download",04/28/18,137,0,7,-,18,0,13.14%,$43.20,5.0,2,"⇒Season :Winter"
487,"Editable Christmas Gift Tags  - Christmas Tree Template - Name Tags","Digital Download",04/28/18,50,0,0,-,5,0,10.00%,$15.20,0.0,0,"⇒Season :Christmas"
488,"Summer Kids Clip Art","Digital Download",05/26/18,49,0,1,-,0,0,0.00%,$0.00,0.0,0,"⇒ Teacher's Clip Art"
489,"Nastaran's Clip Art | Terms of Use for Teacher-Authors & Teachers","Digital Download",05/26/18,201,0,3,77,-,0,-,$0.00,0.0,0,"⇒ Teacher's Clip Art"
490,"3 Digit Addition and Subtraction WITH and WITHOUT Regrouping",Bundle,05/27/18,466,7,15,-,55,0,11.80%,$291.57,5.0,9,⇒Math
491,"2 Digit Addition and Subtraction Worksheets With and  Without Regrouping",Bundle,05/28/18,483,1,10,-,35,0,7.25%,$182.77,5.0,4,⇒Math
492,"Student Desk Name Plates Cactus Desk Name Tags EDITABLE  First Day Of School","Digital Download",07/07/18,436,0,16,-,24,0,5.51%,$54.90,5.0,6,"Editable Labels"
493,"Math Word Problems Addition and Subtraction Within 20 Worksheets",Bundle,07/30/18,903,1,43,-,103,1,11.41%,$793.80,4.8,19,"***Bundles & Save $"
494,"Junk Food Clip Art","Digital Download",09/03/18,554,0,4,-,4,0,0.72%,$5.60,4.0,1,"⇒ Teacher's Clip Art"
495,"Money Worksheets Counting Identifying Coin and Value 2nd Grade Math Activities","Digital Download",09/03/18,785,91,20,-,32,1,4.08%,$153.76,5.0,4,⇒Math
496,"Alphabet Clip Art Bundle",Bundle,09/12/18,54,0,2,-,0,0,0.00%,$0.00,0.0,0,"***Bundles & Save $"
497,"Numbers 1-10 Worksheets Write Trace Numbers To 10 Recognition Free Worksheet","Digital Download",09/26/18,14655,1789,504,-,"1,043",3,7.12%,"$3,100.73",4.8,51,⇒Math
498,"Alphabet Tracing Sheets Writing Practice Review Worksheets","Digital Download",09/27/18,7502,537,241,-,453,0,6.04%,"$1,131.01",4.8,34,⇒Literacy
499,"Math Fact Fluency Addition and Subtraction 1st Grade","Digital Download",10/09/18,559,91,22,-,59,0,10.56%,$177.53,4.5,1,⇒Math
500,"Thanksgiving Lined Writing Papers","Digital Download",10/11/18,272,32,5,-,12,0,4.41%,$21.75,5.0,1,"⇒Season :Thanksgiving"
501,"Editable Gift Tags Student Desk Name Labels","Digital Download",10/21/18,9368,2,242,-,"1,004",2,10.72%,"$2,790.07",4.9,62,"⇒Season :Christmas"
502,"Editable Christmas Gift Tags - Wild Reindeer Label - Name Tags - Round Ornaments","Digital Download",10/21/18,817,0,26,-,54,0,6.61%,$149.37,5.0,3,"⇒Season :Christmas"
503,"Multiplication Arrays Repeated Addition Second Grade Math Worksheets","Digital Download",10/28/18,1491,224,45,-,114,0,7.65%,$313.97,4.9,16,⇒Math
504,"Polka Dot Numbers Clip Art","Digital Download",10/28/18,14,0,0,-,0,0,0.00%,$0.00,0.0,0,"⇒ Teacher's Clip Art"
505,"Colorful Numbers Clip Art","Digital Download",10/28/18,23,0,1,-,0,0,0.00%,$0.00,0.0,0,"⇒ Teacher's Clip Art"
506,"Burning Candle Numbers Clip Art","Digital Download",10/28/18,20,0,2,-,0,0,0.00%,$0.00,0.0,0,"⇒ Clip Art : Math"
507,"Thanksgiving Activities  |  Thanksgiving Math Worksheets  |  November No Prep","Digital Download",11/11/18,597,62,19,-,17,0,2.85%,$39.40,5.0,2,"⇒Season :Thanksgiving"
508,"Sight Words High Frequency Words  Practice Worksheets  Assessments  |  Word List",Bundle,11/12/18,36068,2383,910,-,769,4,2.13%,"$12,964.54",4.9,63,"⇒Sight Words"
509,"Editable Christmas Gift Tags  - Christmas Tree Template  - Name Tags","Digital Download",11/14/18,412,0,16,-,41,0,9.95%,$58.24,5.0,3,"⇒Season :Christmas"
510,"Editable Christmas Labels - Santa Hat Gift Tags Printable Template - Name Tags","Digital Download",11/14/18,2601,0,41,-,253,0,9.73%,$367.22,4.8,20,"⇒Season :Christmas"
511,"Chef  Clip Art","Digital Download",11/14/18,16,0,2,-,0,0,0.00%,$0.00,0.0,0,"⇒ Clip Art : Jobs"
512,"Community Helper Clip Art",Bundle,11/14/18,32,0,2,-,1,0,3.13%,$10.40,0.0,0,"⇒ Clip Art : Jobs"
513,"Editable Labels - Christmas Holiday Gift Tags Printable - Name Tag - Snowflake","Digital Download",11/26/18,306,0,5,-,16,0,5.23%,$43.05,0.0,0,"⇒Season :Christmas"
514,"Reindeer Clip Art","Digital Download",11/26/18,335,0,6,-,1,0,0.30%,$1.70,5.0,1,"⇒ Clip Art : Christmas"
515,"Free Polar Express Tickets Printable","Digital Download",11/26/18,7077,0,78,5320,-,0,-,$0.00,4.8,14,"⇒Season :Christmas"
516,"The Polar Express Activities Math Worksheets Pajama Day","Digital Download",11/26/18,3836,869,82,-,265,0,6.91%,$800.84,4.8,26,"⇒Season :Christmas"
517,"Valentines Day Cards for Students Teachers Printable ","Digital Download",01/19/19,136,7,1,-,3,0,2.21%,$5.55,0.0,0,⇒Literacy
518,"Valentine's Day Activities - Badges","Digital Download",01/29/19,46,0,2,-,0,0,0.00%,$0.00,0.0,0,"⇒Season :Valentine's Day"
519,"Editable Student Desk Name Tags Desk Name Plates Welcome Back To School","Digital Download",01/29/19,612,43,2,-,17,2,2.78%,$51.95,0.0,0,"Editable Labels"
520,"Editable Student Desk Name Tags Desk Name Plates Welcome Back To School","Digital Download",01/29/19,142,12,0,-,3,0,2.11%,$7.18,0.0,0,"Editable Labels"
521,"Editable Student Desk Name Tags Desk Name Plates Welcome Back To School","Digital Download",01/29/19,579,27,8,-,23,0,3.97%,$58.25,4.8,4,"Editable Labels"
522,"Editable Student Desk Name Tags Desk Name Plates Welcome Back To School Gift Tag","Digital Download",01/29/19,128,6,3,-,4,0,3.13%,$11.52,0.0,0,"Editable Labels"
523,"Valentines Day Morning Work February Activities Daily Math 1st Grade Worksheets","Digital Download",01/30/19,2826,378,57,-,163,0,5.77%,$507.18,4.9,16,"⇒Season :Valentine's Day"
524,"St Patricks Day Gift Tags Editable  Labels Printable Shamrock Name Tags","Digital Download",02/24/19,37,0,2,-,5,0,13.51%,$12.00,4.0,1,"Editable Labels"
525,"St Patricks Day Gift Tags Editable  Labels Printable Shamrock Name Tags","Digital Download",02/24/19,90,0,2,-,8,0,8.89%,$19.20,0.0,0,"Editable Labels"
526,"St Patricks Day Gift Tags Editable  Labels Printable Name Tags","Digital Download",02/24/19,113,0,4,-,9,0,7.97%,$25.92,0.0,0,"Editable Labels"
527,"St Patricks Day Gift Tags Editable  Labels Printable Shamrock Name Tags","Digital Download",02/24/19,38,0,1,-,2,0,5.26%,$5.76,0.0,0,"Editable Labels"
528,"St Patricks Day Gift Tags Editable  Labels Printable Name Tags","Digital Download",02/24/19,30,0,0,-,1,0,3.33%,$2.40,0.0,0,"Editable Labels"
529,"March Morning Work 1st Grade Spiral Math Review St Patricks Day Math Worksheets","Digital Download",02/24/19,1408,265,40,-,115,0,8.17%,$357.87,4.8,12,⇒Math
530,"1st Grade Morning Work - Spiral Math Review - FREE Math Worksheets - Daily","Digital Download",02/25/19,18190,0,193,9494,-,0,-,$0.00,4.7,11,⇒Math
531,"1st Grade Math Morning Work Spiral Review Worksheets Daily Warm up",Bundle,02/25/19,9834,884,302,-,131,0,1.33%,"$3,558.67",4.4,14,"***Bundles & Save $"
532,"Editable Teacher Appreciation Week Gift Tags  -  Name Tags  -  Music","Digital Download",02/27/19,60,0,1,-,2,0,3.33%,$5.03,0.0,0,"Editable Labels"
533,"Editable Student Desk Name Tags Desk Name Plates Welcome Back To School","Digital Download",02/27/19,66,0,4,-,7,0,10.61%,$19.43,0.0,0,"Editable Labels"
534,"Editable Student Desk Name Tags Black and White Desk Name Plates Welcome Back","Digital Download",02/27/19,108,0,1,-,8,0,7.41%,$18.57,5.0,1,"Editable Labels"
535,"Editable Animal Labels - Printable  Gift Tags","Digital Download",03/16/19,77,0,1,-,3,0,3.90%,$7.20,0.0,0,"Editable Labels"
536,"Editable Animal Labels - Printable  Gift Tags","Digital Download",03/16/19,52,0,0,-,0,0,0.00%,$0.00,0.0,0,"Editable Labels"
537,"Editable Animal Labels - Printable  Gift Tags","Digital Download",03/16/19,68,0,0,-,1,0,1.47%,$2.40,0.0,0,"Editable Labels"
538,"Editable Animal Labels - Printable  Teacher Appreciation Week Gift Tags","Digital Download",03/16/19,62,0,2,-,5,0,8.07%,$14.40,0.0,0,"Editable Labels"
539,"Editable Animal Labels -  Back To School  Gift Tags ","Digital Download",03/16/19,201,0,1,-,6,0,2.99%,$16.55,5.0,1,"Editable Labels"
540,"Editable Emoji Gift Tags","Digital Download",03/16/19,51,0,1,-,3,0,5.88%,$7.20,0.0,0,"Editable Labels"
541,"Editable Emoji Gift Tags","Digital Download",03/16/19,35,0,0,-,5,0,14.29%,$12.00,5.0,1,"Editable Labels"
542,"Teacher Toolbox Labels Editable Classroom Supply Tags Black and White Decor","Digital Download",03/16/19,42,0,0,-,1,0,2.38%,$2.40,0.0,0,"Editable Labels"
543,"Teacher Toolbox Labels Editable Classroom Supply Tags Black and White Decor","Digital Download",03/16/19,61,0,2,-,2,0,3.28%,$4.80,0.0,0,"Editable Labels"
544,"Teacher Toolbox Labels Editable Classroom Supply Tags Black and White Decor","Digital Download",03/16/19,20,0,0,-,1,0,5.00%,$2.40,0.0,0,"Editable Labels"
545,"Teacher Toolbox Labels Editable Classroom Supply Tags Black and White Decor","Digital Download",03/16/19,39,0,0,-,4,0,10.26%,$6.58,0.0,0,"Editable Labels"
546,"Editable Gift Tags Winter Name tags - Snowman - Printable Round Ornaments","Digital Download",03/16/19,78,0,4,-,12,0,15.39%,$33.60,5.0,2,"⇒Season :Christmas"
547,"Editable Back To School  Gift Tags - Name Tags  -  First Week Of School Labels","Digital Download",03/16/19,110,0,2,-,5,0,4.55%,$12.00,0.0,0,"Editable Labels"
548,"Editable Spring Name Tags Round Labels","Digital Download",03/16/19,56,0,2,-,4,0,7.14%,$11.20,3.0,1,"Editable Labels"
549,"Editable Gift Tags Tropical","Digital Download",03/16/19,40,0,1,-,2,0,5.00%,$5.60,0.0,0,"Editable Labels"
550,"Editable Gift Tags Tropical","Digital Download",03/16/19,25,0,0,-,7,0,28.00%,$19.60,0.0,0,"Editable Labels"
551,"Editable Penguin Gift Tags","Digital Download",03/16/19,44,0,2,-,1,0,2.27%,$2.80,4.3,1,"Editable Labels"
552,"Editable Emotional Tags","Digital Download",03/16/19,26,0,0,-,1,0,3.85%,$2.80,0.0,0,"Editable Labels"
553,"Editable Polka Dot Light Bulb Labels-Printable  Gift Tags","Digital Download",03/16/19,128,0,8,-,9,0,7.03%,$21.60,0.0,0,"Editable Labels"
554,"Editable Polka Dot Light Bulb Labels - Printable  Gift Tags","Digital Download",03/16/19,241,0,14,-,23,0,9.54%,$51.72,5.0,1,"Editable Labels"
555,"Editable Teacher Appreciation Week Gift Tags  -  Name Tags  -  Labels Printable","Digital Download",03/16/19,72,0,1,-,4,0,5.56%,$12.00,0.0,0,"Editable Labels"
556,"Editable Teacher Appreciation Week Gift Tags  -  Name Tags  -  Labels Printable","Digital Download",03/16/19,151,0,1,-,3,0,1.99%,$6.57,0.0,0,"Editable Labels"
557,"Editable Teacher Appreciation Week Gift Tags  -  Name Tags  -  Labels Printable","Digital Download",03/16/19,46,0,1,-,0,0,0.00%,$0.00,0.0,0,"Editable Labels"
558,"Editable Student Desk Name Tags Black and White Desk Name Plates Welcome Back","Digital Download",03/16/19,128,0,4,-,13,0,10.16%,$30.57,5.0,2,"Editable Labels"
559,"Editable Student Desk Name Tags Black and White Desk Name Plates Welcome Back","Digital Download",03/16/19,17,0,0,-,2,0,11.77%,$4.17,0.0,0,"Editable Labels"
560,"Editable Student Desk Name Tags Black and White Desk Name Plates Welcome Back","Digital Download",03/16/19,101,0,3,-,5,0,4.95%,$11.37,4.0,1,"Editable Labels"
561,"Easter Morning Work 1st Grade Spiral Math Review Worksheets Spring Centers April","Digital Download",04/22/19,1551,277,38,-,116,0,7.48%,$360.64,4.7,13,"⇒Season :Easter"
562,"1st Grade Math Spiral Review MAY Morning Work Warm ups End Of Year Math Review","Digital Download",05/06/19,1277,230,40,-,104,3,8.14%,$332.16,4.8,6,"⇒Season :Spring"
563,"Editable Orange Slices Tags -Printable","Digital Download",05/28/19,47,0,1,-,7,0,14.89%,$16.17,5.0,3,"Editable Labels"
564,"Editable Orange Slices Labels-Printable","Digital Download",05/28/19,131,0,0,-,2,0,1.53%,$4.32,0.0,0,"Editable Labels"
565,"Editable Fruits Tags -Printable","Digital Download",05/28/19,95,0,2,-,4,0,4.21%,$8.49,5.0,1,"Editable Labels"
566,"Editable Fruits Labels-Printable","Digital Download",05/28/19,135,0,3,-,4,0,2.96%,$9.60,0.0,0,"Editable Labels"
567,"Editable Student Desk Name Tags Black and White Desk Name Plates Welcome Back","Digital Download",05/28/19,71,0,1,-,7,0,9.86%,$16.80,5.0,1,"Editable Labels"
568,"Editable Student Desk Name Tags  |  Black and White Desk Name Plates Welcome","Digital Download",05/28/19,79,0,1,-,10,0,12.66%,$22.11,0.0,0,"Editable Labels"
569,"Editable Student Desk Name Tags  |  Black and White Desk Name Plates Welcome","Digital Download",05/28/19,125,0,1,-,6,0,4.80%,$13.77,0.0,0,"Editable Labels"
570,"Teacher Toolbox Labels Editable Classroom Supply Tags Black and White Decor","Digital Download",05/28/19,54,0,0,-,0,0,0.00%,$0.00,0.0,0,"Editable Labels"
571,"Teacher Toolbox Labels Editable Classroom Supply Tags Black and White Decor","Digital Download",05/28/19,10,0,0,-,0,0,0.00%,$0.00,0.0,0,"Editable Labels"
572,"Editable Student Desk Name Tags  |  Black and White Desk Name Plates Welcome","Digital Download",05/28/19,163,0,2,-,5,0,3.07%,$9.15,4.5,2,"Editable Labels"
573,"1st Grade Summer Math Packet Morning Work End of Year Review 1st to 2nd Grade","Digital Download",06/03/19,2606,665,119,-,259,0,9.94%,$745.66,4.9,18,⇒Math
574,"Reading Printable Bookmarks Cactus","Digital Download",06/03/19,54,0,2,-,1,0,1.85%,$2.40,0.0,0,
575,"Reading Printable Bookmarks Halloween Black Cat","Digital Download",06/03/19,41,0,2,-,0,0,0.00%,$0.00,0.0,0,
576,"Reading Printable Bookmarks Panda","Digital Download",06/03/19,188,0,5,-,1,0,0.53%,$2.40,0.0,0,⇒Literacy
577,"Back To School Math Morning Work 1st grade Worksheets First Week Of School","Digital Download",06/24/19,1879,831,93,-,177,1,9.42%,$405.39,4.9,12,⇒Math
578,"Sight Word Flash Cards  FREE |  Word Wall ","Digital Download",06/24/19,2823,0,33,1295,-,0,-,$0.00,5.0,4,"⇒Sight Words"
579,"Sight Words Flash Cards |  Word Wall ",Bundle,06/24/19,2042,116,27,-,16,0,0.78%,$133.44,5.0,1,"⇒Sight Words"
580,"September Morning Work 1st Grade Back to School Math Worksheets Fall Activities","Digital Download",07/30/19,985,331,39,-,60,0,6.09%,$184.34,4.8,6,⇒Math
581,"Editable Labels | Teacher Toolbox Labels | Rainbow Bright Classroom Decor","Digital Download",07/30/19,585,0,16,-,13,0,2.22%,$32.03,5.0,1,"Editable Labels"
582,"Printable Bulletin Board Borders  Rainbow Bright Classroom Decor Back To School","Digital Download",07/30/19,4328,0,27,-,19,0,0.44%,$43.38,5.0,1,
583,"Teacher Toolbox Labels Editable Classroom Supply Labels Black and White Decor","Digital Download",07/31/19,145,0,4,-,1,0,0.69%,$1.92,0.0,0,"Editable Labels"
584,"Fall Math Worksheets October 1st Grade Math Morning Work Halloween Daily Review","Digital Download",08/26/19,1498,244,20,-,57,0,3.81%,$181.76,5.0,4,"⇒Season :Halloween"
585,"1st Grade November Math Worksheets  - Thanksgiving Morning Work","Digital Download",10/20/19,1840,246,36,-,51,0,2.77%,$149.65,5.0,6,"⇒Season :Thanksgiving"
586,"December Morning Work First Grade  - Christmas Math Worksheets  - No Prep","Digital Download",11/23/19,1750,251,38,-,85,0,4.86%,$252.03,5.0,5,"⇒Season :Christmas"
587,"January Math Worksheets Morning Work First Grade Winter Packet Activties","Digital Download",11/30/19,903,203,34,-,57,1,6.31%,$180.66,5.0,7,⇒Math
588,"Editable Valentines Day Gift Tags From Teacher to Students - Name Tags - Labels","Digital Download",02/03/20,23,0,0,-,0,0,0.00%,$0.00,0.0,0,"⇒Season :Valentine's Day"
589,"Pre Primer Sight Words Reading Writing Tracing Building Sentences  Worksheets","Digital Download",02/06/20,2091,1450,88,-,134,1,6.41%,$376.23,5.0,7,⇒Literacy
590,"Stock Photos - School Supplies Set 1","Digital Download",02/09/20,82,18,1,-,1,0,1.22%,$0.80,5.0,1,
591,"Primer Sight Words Reading Writing Tracing Building Simple Sentences","Digital Download",02/16/20,1165,589,48,-,42,0,3.61%,$179.04,0.0,0,"⇒Sight Words"
592,"Free Sight Words Reading Writing Tracing Building Simple Sentences","Digital Download",02/18/20,63208,0,930,37458,-,0,-,$0.00,4.7,54,⇒Literacy
593,"Kindergarten Sight Words Reading Writing Tracing Building Simple Sentences",Bundle,02/21/20,5305,9,141,-,178,0,3.36%,"$1,247.28",4.6,15,"⇒Sight Words"
594,"Stock Photos - Notebook Set","Digital Download",03/07/20,18,3,0,-,0,0,0.00%,$0.00,0.0,0,
595,"Stock Photos - Fountain Pen And Notebook Set","Digital Download",03/07/20,16,5,0,-,0,0,0.00%,$0.00,0.0,0,
596,"Place Value Activities Boom Cards Tens and Ones  |  Digital Task Cards 2 Digit","Digital Download",03/18/20,680,118,37,-,177,2,26.03%,$204.67,4.8,35,"⇒Task Cards"
597,"Place Value Activities  2nd Grade   -  Digital Task Cards -  3 Digit Boom Cards","Digital Download",03/23/20,258,54,18,-,21,0,8.14%,$46.80,4.5,2,"⇒Task Cards"
598,"Place Value Activities Boom Cards Hundreds Tens Ones    2 Digit and  3 Digit",Bundle,03/27/20,828,62,17,-,32,0,3.87%,$108.72,4.6,5,"***Bundles & Save $"
599,"Boom Cards Sight Words Building Simple Sentences Pre Primer ","Digital Download",04/07/20,4063,311,168,-,373,8,9.18%,$545.60,4.9,62,"⇒Sight Words"
600,"Boom Cards Sight Words Sentences Primer Digital Practice","Digital Download",04/07/20,875,75,33,-,41,1,4.69%,$128.98,4.2,5,"⇒Boom Cards"
601,"Boom Cards Distance Learning EASTER Counting To 10","Digital Download",04/09/20,233,8,2,-,5,0,2.15%,$9.60,0.0,0,"⇒Boom Cards"
602,"Boom Cards 2D and 3D Shapes Activities - Geometry Task Cards","Digital Download",04/16/20,359,22,8,-,15,0,4.18%,$24.66,0.0,0,"⇒Task Cards"
603,"Counting Clip Art - Pencils Clip Art","Digital Download",04/17/20,17,0,3,-,2,0,11.77%,$3.60,0.0,0,"⇒ Teacher's Clip Art"
604,"Weather Clip Art","Digital Download",04/17/20,32,0,1,-,0,0,0.00%,$0.00,0.0,0,"⇒ Teacher's Clip Art"
605,"Counting Clip Art - Jelly Beans Clip Art","Digital Download",04/17/20,11,0,1,-,0,0,0.00%,$0.00,0.0,0,"⇒ Teacher's Clip Art"
606,"Boom Cards Fractions On The Number Line Distance Learning","Digital Download",04/21/20,344,27,13,-,19,0,5.52%,$55.53,3.7,3,"⇒Boom Cards"
607,"Numbers 1-10 Boom Cards : Digital Numbers Activities","Digital Download",04/28/20,426,19,11,-,10,0,2.35%,$15.09,0.0,0,"⇒Boom Cards"
608,"Boom Cards Distance Learning Sight Words FREE","Digital Download",05/29/20,2488,0,104,1517,-,0,-,$0.00,5.0,2,"⇒Sight Words"
609,"1st Grade Sight Words Reading Writing Tracing Building Simple Sentences","Digital Download",07/13/20,694,254,27,-,49,0,7.06%,$191.20,5.0,1,"⇒Sight Words"
610,"Second Grade Sight Words Reading Writing Tracing Building Simple Sentences","Digital Download",07/13/20,719,256,33,-,51,0,7.09%,$222.64,5.0,3,⇒Literacy
611,"3rd Grade Sight Words Reading Writing Tracing Building Simple Sentences","Digital Download",07/13/20,262,123,11,-,12,0,4.58%,$47.20,0.0,0,"⇒Sight Words"
612,"Sight Words Reading Writing Tracing Building Simple Sentences Activities",Bundle,07/13/20,5855,570,154,-,122,0,2.08%,"$2,076.19",5.0,1,"***Bundles & Save $"
613,"Watercolor Classroom Decor Growth Mindset Posters","Digital Download",08/02/20,72,11,2,-,0,0,0.00%,$0.00,0.0,0,
614,"Double Digit Addition Boom Cards Distance Learning","Digital Download",08/07/20,140,10,4,-,20,0,14.29%,$40.26,5.0,1,⇒Math
615,"Boom Cards Double Digit Subtraction Distance Learning","Digital Download",08/09/20,107,9,5,-,10,0,9.35%,$16.59,4.5,2,"⇒Boom Cards"
616,"Boom Cards Three Digit Subtraction Distance Learning","Digital Download",08/12/20,106,5,5,-,12,0,11.32%,$25.14,5.0,1,"⇒Boom Cards"
617,"Three Digit Addition Boom Cards Distance Learning","Digital Download",08/12/20,117,7,7,-,6,0,5.13%,$12.72,0.0,0,⇒Math
618,"Digital Alphabet Beginning Sounds Digital Games Boom Cards","Digital Download",09/02/20,210,21,8,-,4,0,1.91%,$5.85,0.0,0,"⇒Boom Cards"
619,"Boom Cards Alphabet Activities Letter Recognition Game","Digital Download",09/02/20,166,18,6,-,5,0,3.01%,$14.40,0.0,0,"⇒Boom Cards"
620,"Boom Cards Digital Alphabet Activities |  Letter Matching Uppercase","Digital Download",09/02/20,93,11,3,-,4,0,4.30%,$7.20,4.0,1,"⇒Boom Cards"
621,"Boom Cards Alphabet Activities |  Lowercase Alphabet Practice","Digital Download",09/02/20,468,61,7,-,27,3,5.77%,$24.56,5.0,3,"⇒Boom Cards"
622,"Learning the Alphabet Boom Cards  |  Letter Matching Uppercase And Lowercase",Bundle,09/02/20,540,1,16,-,23,0,4.26%,$152.95,5.0,3,"***Bundles & Save $"
623,"Kindergarten Boom Cards Sight Words Sentences Digital Practice",Bundle,09/13/20,1551,87,27,-,33,0,2.13%,$174.00,4.8,4,"⇒Boom Cards"
624,"Boom Cards Three Digit Addition And Subtraction With Regrouping",Bundle,09/13/20,332,30,21,-,40,0,12.05%,$150.62,4.6,7,"***Bundles & Save $"
625,"Double Digit Addition and Subtraction Boom Cards",Bundle,09/13/20,305,9,6,-,23,1,7.54%,$84.38,4.8,4,"⇒Boom Cards"
626,"Halloween Syllables Boom Cards Digital Literacy Centers","Digital Download",09/29/20,490,37,4,-,30,0,6.12%,$39.15,5.0,4,"⇒Season :Halloween"
627,"Haunted House Boom Cards Rhyming Words Halloween Digital Literacy Centers","Digital Download",09/29/20,540,63,15,-,33,1,6.11%,$77.76,4.8,6,"⇒Season :Halloween"
628,"Halloween Math Boom Cards Number Sense Digital Centers |  Task Cards","Digital Download",09/29/20,381,48,11,-,19,0,4.99%,$48.25,5.0,6,"⇒Season :Halloween"
629," Math Boom Cards Halloween Addition To 20 Digital Task Cards","Digital Download",09/29/20,445,80,13,-,14,0,3.15%,$32.40,5.0,2,⇒Math
630,"Halloween Math and Literacy Digital Centers |  Halloween Boom Cards",Bundle,09/29/20,479,2,9,-,13,0,2.71%,$120.40,5.0,2,⇒Literacy
631,"Halloween Sight Words Pre Primer Boom Cards  October Sight Words Game ","Digital Download",10/08/20,253,17,1,-,8,0,3.16%,$20.44,5.0,1,"⇒Season :Halloween"
632,"Fall Activities Boom Cards Sight Words Pre Primer","Digital Download",10/16/20,874,54,23,-,43,0,4.92%,$58.45,4.9,9,"⇒Boom Cards"
633,"Christmas Clip Art","Digital Download",11/07/20,185,0,2,-,9,0,4.87%,$12.51,5.0,4,"⇒ Teacher's Clip Art"
634,"Gingerbread  Clip Art","Digital Download",11/07/20,21,0,0,-,0,0,0.00%,$0.00,0.0,0,"⇒ Teacher's Clip Art"
635,"Editable Christmas Labels  -  Santa Hat Gift Tags Printable Template - Name Tags","Digital Download",11/16/20,194,0,3,-,2,0,1.03%,$3.05,0.0,0,"⇒Season :Christmas"
636,"Editable Christmas Gift Tags  - Christmas Tree Template For Holiday - Name Tags","Digital Download",11/16/20,132,0,4,-,5,0,3.79%,$6.58,0.0,0,"⇒Season :Christmas"
637,"Editable Christmas Gift Tags - Santa Holiday Labels -  Printable Round Ornaments","Digital Download",11/16/20,40,0,2,-,3,0,7.50%,$2.90,0.0,0,"⇒Season :Christmas"
638,"Editable Christmas Gift Tags - Christmas Socks Holiday Labels - Name Tags","Digital Download",11/16/20,431,0,3,-,15,0,3.48%,$34.89,0.0,0,"⇒Season :Christmas"
639,"Christmas Gift Tags Editable - Holiday Labels Printable - Name Tags",Bundle,11/16/20,119,0,1,-,4,0,3.36%,$20.40,0.0,0,"***Bundles & Save $"
640,"Editable Christmas Gift Tags Printable For Parents and Students","Digital Download",11/24/20,102,0,1,-,11,0,10.78%,$26.40,0.0,0,"⇒Season :Christmas"
641,"Editable Christmas Gift Tags Printable For Parents and Students","Digital Download",11/24/20,133,0,1,-,8,0,6.02%,$19.20,0.0,0,"⇒Season :Christmas"
642,"Editable Christmas Gift Tags Printable For Parents and Students","Digital Download",11/24/20,228,0,5,-,15,0,6.58%,$34.65,4.5,2,"⇒Season :Christmas"
643,"Editable Christmas Gift Tags For Parents Students  - Printable Round Ornaments","Digital Download",11/24/20,122,0,3,-,9,0,7.38%,$16.80,0.0,0,"⇒Season :Christmas"
644,"Editable Christmas Gift Tags Printable For Parents and Students","Digital Download",11/24/20,30,0,0,-,1,0,3.33%,$1.45,0.0,0,"⇒Season :Christmas"
645,"Editable Christmas Gift Tags Printable For Parents and Students","Digital Download",11/24/20,296,0,2,-,7,0,2.37%,$10.60,0.0,0,"⇒Season :Christmas"
646,"Editable Christmas Gift Tags Printable For Parents and Students","Digital Download",11/24/20,17,0,0,-,1,0,5.88%,$0.85,0.0,0,"⇒Season :Christmas"
647,"Editable Christmas Gift Tags Printable For Parents and Students","Digital Download",11/24/20,17,0,1,-,0,0,0.00%,$0.00,0.0,0,"⇒Season :Christmas"
648,"Editable Christmas Gift Tags Printable For Parents and Students","Digital Download",11/24/20,43,0,1,-,2,0,4.65%,$3.30,0.0,0,"⇒Season :Christmas"
649,"Editable Kids Labels As Winter Gift Tags - Name Tags","Digital Download",11/24/20,41,0,1,-,4,0,9.76%,$10.83,0.0,0,"⇒Season :Winter"
650,"Editable Monsters Labels As Winter Gift Tags  - Name Tags","Digital Download",11/24/20,29,0,0,-,4,0,13.79%,$6.25,0.0,0,"⇒Season :Winter"
651,"Editable Penguins Labels As Winter Gift Tags  - Name Tags","Digital Download",11/24/20,128,0,5,-,26,0,20.31%,$37.96,4.3,3,"⇒Season :Winter"
652,"Editable Snowman Labels Winter Name Tags |  Gift Tags ","Digital Download",11/24/20,210,0,14,-,51,0,24.29%,$120.81,4.7,3,"⇒Season :Winter"
653,"Editable Nordic Bear Labels - Winter Gift Tags  -  Name Tags - Ornaments","Digital Download",11/24/20,48,0,1,-,3,0,6.25%,$8.40,0.0,0,"⇒Season :Winter"
654,"Christmas Math Boom Cards Telling Time To The Hour and Half Hour Digital Center","Digital Download",11/29/20,111,13,2,-,7,0,6.31%,$14.25,0.0,0,⇒Math
655,"Christmas Math Boom Cards Telling Time To The nearest 5 Minutes Digital Center","Digital Download",11/29/20,126,16,3,-,7,0,5.56%,$15.21,0.0,0,⇒Math
656,"Christmas Math Boom Cards Number Sense - Digital Math Centers","Digital Download",11/29/20,80,9,2,-,4,0,5.00%,$7.05,0.0,0,⇒Math
657,"Christmas Boom Cards Sight Words Kindergarten Digital Literacy Center","Digital Download",11/29/20,252,23,4,-,12,0,4.76%,$34.56,5.0,2,⇒Literacy
658,"Boom Cards Christmas Math and Literacy Digital Centers",Bundle,11/29/20,197,25,6,-,7,0,3.55%,$47.84,4.0,1,⇒Math
659,"Editable Labels As Winter  Gift Tags  Name Tags  Printable Snowflake ","Digital Download",11/29/20,56,0,3,-,8,0,14.29%,$11.90,4.0,1,"⇒Season :Winter"
660,"Editable Christmas Gift Tags Printable For Parents  - Name Tags","Digital Download",12/03/20,96,0,2,-,7,0,7.29%,$16.80,0.0,0,"⇒Season :Christmas"
661,"Editable Christmas Gift Tags Printable For Parents  - Name Tags","Digital Download",12/03/20,82,0,1,-,6,0,7.32%,$14.40,0.0,0,"⇒Season :Christmas"
662,"Christmas Gift Tags Editable - Holiday Labels Printable For Parents and Students",Bundle,12/07/20,395,0,6,-,33,0,8.35%,$107.52,4.7,3,"***Bundles & Save $"
663,"Christmas Gift Tags Editable - Holiday Labels Printable - Name Tags",Bundle,12/12/20,160,0,3,-,13,0,8.13%,$41.60,0.0,0,"***Bundles & Save $"
664,"Editable Christmas Gift Tags Printable  Rudolph","Digital Download",12/12/20,19,0,0,-,0,0,0.00%,$0.00,0.0,0,"⇒Season :Christmas"
665,"Free Christmas Tags Printable","Digital Download",12/12/20,2299,0,12,1218,-,0,-,$0.00,5.0,4,"Editable Labels"
666,"Free Christmas Tags Printable","Digital Download",12/13/20,803,0,6,254,-,0,-,$0.00,0.0,0,"⇒Season :Christmas"
667,"Editable Christmas Gift Tags Printable Santa With Face Mask - Label","Digital Download",12/13/20,100,0,0,-,6,0,6.00%,$9.00,0.0,0,"⇒Season :Christmas"
668,"Editable Winter  Gift Tags Printable Snowball - Winter Name Tags","Digital Download",12/13/20,69,0,0,-,3,0,4.35%,$7.20,0.0,0,"⇒Season :Christmas"
669,"Free Letter To Santa","Digital Download",12/16/20,241,0,3,143,-,0,-,$0.00,5.0,1,⇒Literacy
670,"Winter Sight Words Bingo Cards Editable -  January Sight Words","Digital Download",12/23/20,362,49,14,-,17,0,4.70%,$27.39,5.0,1,"⇒Sight Words"
671,"Valentines Day Bingo Cards Sight Words Editable February Reading","Digital Download",12/23/20,340,49,5,-,23,0,6.77%,$51.74,5.0,1,"⇒Season :Valentine's Day"
672,"St Patricks Day Bingo Sight Words Editable","Digital Download",12/27/20,58,7,3,-,4,0,6.90%,$5.80,5.0,1,"⇒Season :St. Patrick's Day"
673,"Editable Back To School Gift Tags  - Name Tags - Labels","Digital Download",01/23/21,33,0,1,-,7,0,21.21%,$11.45,5.0,1,"Editable Labels"
674,"Editable Valentines Day Gift Tags From Teacher to Students - Name Tags - Labels","Digital Download",01/23/21,23,0,1,-,1,0,4.35%,$1.85,0.0,0,"Editable Labels"
675,"Editable Teacher Appreciation Week Gift Tags  -  Name Tags  -  Labels Printable","Digital Download",01/23/21,92,0,3,-,11,0,11.96%,$25.20,5.0,2,"⇒Season :Valentine's Day"
676,"Editable Teacher Appreciation Week Gift Tags  -  Name Tags  -  Labels Printable","Digital Download",01/23/21,24,0,0,-,1,0,4.17%,$1.20,5.0,1,"⇒Season :Valentine's Day"
677,"Editable Teacher Appreciation Week Gift Tags  -  Name Tags  -  Labels Printable","Digital Download",01/23/21,279,0,10,-,26,0,9.32%,$59.31,3.7,3,"Editable Labels"
678,"Editable Teacher Appreciation Week Gift Tags  -  Name Tags  -  Labels Printable","Digital Download",01/23/21,131,0,4,-,10,0,7.63%,$20.34,5.0,1,"⇒Season :Valentine's Day"
679,"Easter Sight Words Games Editable Bingo Cards","Digital Download",01/28/21,208,16,5,-,12,0,5.77%,$23.90,5.0,2,"⇒Season :Easter"
680,"Spring Bingo Sight Words Editable Sight Words Game","Digital Download",01/28/21,250,23,8,-,10,0,4.00%,$28.56,5.0,1,"Editable Labels"
681,"Summer Bingo Sight Words Game Editable","Digital Download",01/28/21,123,12,1,-,2,0,1.63%,$5.04,0.0,0,"⇒Sight Words"
682,"Back To School Bingo Sight Words Editable","Digital Download",01/28/21,73,43,3,-,2,0,2.74%,$5.04,0.0,0,⇒Literacy
683,"Fall Bingo Sight Words Editable |  First Day Of Fall Activity","Digital Download",01/28/21,87,15,0,-,4,0,4.60%,$11.20,0.0,0,"⇒Sight Words"
684,"October Sight Words Editable Bingo Halloween Game","Digital Download",01/28/21,337,28,6,-,10,0,2.97%,$18.15,0.0,0,"⇒Sight Words"
685,"Editable Thanksgiving Sight Word Bingo Game In November","Digital Download",01/28/21,37,4,1,-,3,0,8.11%,$8.40,0.0,0,"⇒Sight Words"
686,"EDITABLE Christmas Sight Word Games  -  Christmas Bingo Cards","Digital Download",01/28/21,60,9,2,-,1,0,1.67%,$2.24,0.0,0,"⇒Sight Words"
687,"Sight Word Bingo Editable Game for Literacy Centers",Bundle,01/28/21,535,0,6,-,6,0,1.12%,$98.20,5.0,1,"***Bundles & Save $"
688,"FREE Bingo Cards Sight Words Editable","Digital Download",01/28/21,3045,0,55,1993,-,0,-,$0.00,4.5,11,"⇒Sight Words"
689,"Editable Valentines Day Gift Tags From Teacher to Students - Name Tags - Labels",Bundle,02/04/21,236,0,5,-,24,0,10.17%,$74.88,0.0,0,"⇒Season :Valentine's Day"
690,"Free Editable Labels - Editable Valentine's Day Gift Tags","Digital Download",02/12/21,350,0,2,125,-,0,-,$0.00,0.0,0,"Editable Labels"
691,"Boom Cards Counting Numbers to 10","Digital Download",03/01/21,70,6,1,-,0,0,0.00%,$0.00,0.0,0,"⇒Boom Cards"
692,"Boom Cards Counting Numbers to 10","Digital Download",03/01/21,102,23,3,-,1,0,0.98%,$0.45,0.0,0,"⇒Boom Cards"
693,"Boom Cards Counting Numbers to 10 - Make 10","Digital Download",03/01/21,153,13,3,-,3,0,1.96%,$1.50,0.0,0,"⇒Boom Cards"
694,"Boom Cards Counting Numbers to 10 - Make 10","Digital Download",03/01/21,146,13,2,-,2,0,1.37%,$1.05,0.0,0,"⇒Boom Cards"
695,"Boom Cards Counting to 10 - Make 10",Bundle,03/01/21,256,0,6,-,5,0,1.95%,$12.00,4.0,1,"***Bundles & Save $"
696,"St Patricks Day Gift Tags Editable  Labels Printable Shamrock Name Tags","Digital Download",03/07/21,12,0,0,-,0,0,0.00%,$0.00,0.0,0,"Editable Labels"
697,"St Patricks Day Gift Tags Editable  Labels Printable Shamrock Name tags","Digital Download",03/07/21,12,0,1,-,1,0,8.33%,$1.85,0.0,0,"Editable Labels"
698,"St Patricks Day Gift Tags Editable  Labels Printable",Bundle,03/09/21,39,0,0,-,1,0,2.56%,$3.52,0.0,0,"⇒Season :St. Patrick's Day"
699,"Kindergarten Sight Words Flash Cards  |  Word Wall",Bundle,03/10/21,40,1,3,-,2,0,5.00%,$6.05,0.0,0,"***Bundles & Save $"
700,"2nd Grade Morning Work May | 2nd Grade End of Year Math Review Worksheets","Digital Download",04/27/21,571,115,14,-,38,0,6.66%,$114.58,5.0,3,⇒Math
701,"Reading Printable Bookmarks Avocados","Digital Download",05/02/21,128,0,4,-,8,0,6.25%,$14.82,5.0,1,⇒Literacy
702,"Reading Printable Bookmarks Donuts","Digital Download",05/02/21,401,0,4,-,3,0,0.75%,$6.00,5.0,1,⇒Literacy
703,"Avocado Clip Art","Digital Download",05/02/21,20,0,2,-,2,0,10.00%,$2.40,5.0,1,"⇒ Clip Art : Fruits"
704,"Donuts Clip Art","Digital Download",05/02/21,17,0,2,-,0,0,0.00%,$0.00,0.0,0,"⇒ Teacher's Clip Art"
705,"2nd Grade Summer Review Packet - 3rd Grade Beginning Of the Year Activities","Digital Download",05/25/21,648,165,28,-,50,0,7.72%,$129.96,4.7,3,⇒Math
706,"FREE Reading Printable Bookmarks ","Digital Download",06/10/21,757,0,11,444,-,0,-,$0.00,4.5,2,⇒Literacy
707,"Back to School Math Review Worksheets 2nd Grade First Week Of School Activities ","Digital Download",07/31/21,611,293,22,-,34,0,5.57%,$94.73,5.0,2,⇒Math
708,"Teacher Toolbox Labels Editable | Classroom Supply Labels",Bundle,08/23/21,130,0,5,-,16,0,12.31%,$44.80,5.0,1,"Editable Labels"
709,"September No Prep Packet for 2nd Grade Math Morning Work Worksheets","Digital Download",08/25/21,392,118,12,-,32,0,8.16%,$57.96,5.0,2,"⇒Season :Fall/Autumn"
710,"2nd Grade Daily Math Spiral Review  |  Morning Work for the YEAR",Bundle,08/25/21,749,3,31,-,13,0,1.74%,$298.88,5.0,2,⇒Math
711,"Free Second Grade Morning Work  |  Math Review Packet 2nd Grade Daily","Digital Download",08/30/21,6592,0,56,4559,-,0,-,$0.00,5.0,3,"⇒Season :Fall/Autumn"
712,"Fall Math Worksheets October 2nd Grade Math Morning Work Halloween Daily Review","Digital Download",08/30/21,388,78,6,-,14,0,3.61%,$25.00,5.0,2,"⇒Season :Halloween"
713,"Thanksgiving Math Worksheets 2nd grade November Math Morning Work Daily Review","Digital Download",09/15/21,221,45,6,-,10,0,4.53%,$32.00,5.0,1,"⇒Season :Thanksgiving"
714,"December Morning Work Math Review Christmas Math Worksheets 2nd Grade Daily","Digital Download",09/30/21,146,29,3,-,6,0,4.11%,$17.28,4.5,2,"⇒Season :Christmas"
715,"January Activities Packet for 2nd Grade January Morning Work Winter Worksheets","Digital Download",10/17/21,198,55,6,-,21,0,10.61%,$63.85,5.0,1,"⇒Season :Winter"
716,"Free Back To School Bulletin Board Borders For Classroom","Digital Download",10/17/21,1131,0,8,265,-,0,-,$0.00,0.0,0,
717,"2nd Grade February Morning Work Math Activities Valentines Day Daily Review","Digital Download",01/06/22,262,70,14,-,18,0,6.87%,$37.65,0.0,0,"⇒Season :Valentine's Day"
718,"March Morning Work 2nd Grade Spiral Math Review St Patricks Day Activities","Digital Download",02/24/22,104,54,7,-,19,0,18.27%,$57.30,0.0,0,"⇒Season :St. Patrick's Day"
719,"April Morning Work 2nd Grade Spiral Math Review Spring","Digital Download",04/21/22,31,15,3,-,3,0,9.68%,$6.10,0.0,0,⇒Math
720,"Kindergarten Sight Words Practice Build a Sentence Flash Cards Digital Task Card",Bundle,09/28/22,25,4,1,-,0,0,0.00%,$0.00,0.0,0,"⇒Sight Words"
721,"1/2 Price Editable Classroom Labels   -  Boho Name tags  -  Boho Classromm Decor","Digital Download",10/08/22,14,9,0,-,0,0,0.00%,$0.00,0.0,0,"Editable Labels"
